File_Size_Bytes,Attributes,CPU_State,Memory_State,Network,Avail_CPU_%,Avail_Memory_%,Full_Execution_Time_s,Partial_RP1_Time_s,Transmission_Time_s,Partial_RP2_Time_s,Partial_Total_Time_s,Offload_Decision
1,2,Idle,Idle,LAN,59.45092147279404,55.315992854142436,0.07741022109985352,0.07154083251953125,0.0100039,0.01823126035826811,0.09977599287779935,0
1,2,Idle,Idle,WLAN,52.62091085083413,57.7013370156259,0.07908868789672852,0.07037472724914551,0.050007800000000005,0.0061110077572300095,0.12649353500637553,0
1,2,Idle,Medium,LAN,63.56420273352606,38.91390130112602,0.07745480537414551,0.07197880744934082,0.0100039,0.01805687312024726,0.10003958056958807,0
1,2,Idle,Medium,WLAN,56.76280361100204,28.701076220885156,0.08822131156921387,0.07140684127807617,0.050007800000000005,0.005967359522484855,0.12738200080056103,0
1,2,Idle,Critical,LAN,51.497855132638925,10.81287144575455,0.07703137397766113,0.07126832008361816,0.0100039,0.007380352236630576,0.08865257232024873,0
1,2,Idle,Critical,WLAN,76.276130575596,12.186544028557563,0.07742667198181152,0.07140541076660156,0.050007800000000005,0.01429794598694653,0.1357111567535481,0
1,2,Medium,Idle,LAN,47.24255663835294,65.29245082150206,0.07732152938842773,0.06981563568115234,0.0100039,0.006316812979857204,0.08613634866100954,0
1,2,Medium,Idle,WLAN,40.19979849553353,53.67517662319588,0.07633566856384277,0.07066178321838379,0.050007800000000005,0.013693805209727902,0.13436338842811169,0
1,2,Medium,Medium,LAN,34.831573963180176,34.28146842899443,0.0769808292388916,0.06882429122924805,0.0100039,0.008774257811193243,0.08760244904044129,0
1,2,Medium,Medium,WLAN,31.12387544891328,33.03523582553249,0.07702994346618652,0.07055830955505371,0.050007800000000005,0.005702775221612657,0.12626888477666637,0
1,2,Medium,Critical,LAN,36.23777475695006,10.880721757243116,0.07875657081604004,0.0697472095489502,0.0100038,0.012676050166555246,0.09242705971550545,0
1,2,Medium,Critical,WLAN,30.30223103262353,12.337118746647217,0.07684159278869629,0.07124900817871094,0.050007800000000005,0.013977858310979831,0.13523466648969076,0
1,2,Critical,Idle,LAN,0.3412291994409178,68.45670716713774,0.07900524139404297,0.07004237174987793,0.0100039,0.016285334262827297,0.09633160601270523,0
1,2,Critical,Idle,WLAN,5.868890499614787,74.43917099796352,0.07654047012329102,0.07129359245300293,0.050007800000000005,0.011796225252612936,0.13309761770561587,0
1,2,Critical,Medium,LAN,13.975225084680002,26.062721490191137,0.07834100723266602,0.07082486152648926,0.0100039,0.019521735129580373,0.10035049665606963,0
1,2,Critical,Medium,WLAN,7.489581987816671,27.791678261615,0.0759897232055664,0.07094526290893555,0.050007800000000005,0.01460125912074691,0.13555432202968246,0
1,2,Critical,Critical,LAN,1.0847383381694042,3.7258149155665787,0.07623648643493652,0.07034540176391602,0.0100039,0.01162226475729456,0.09197156652121058,0
1,2,Critical,Critical,WLAN,6.420912844963535,15.313873562341778,0.07770895957946777,0.0704951286315918,0.050007600000000006,0.00535325208171856,0.12585598071331036,0
1,4,Idle,Idle,LAN,67.70080424245398,77.90525632432025,0.09281468391418457,0.08305668830871582,0.0100039,0.008847710495788782,0.1019082988045046,0
1,4,Idle,Idle,WLAN,75.1964056245206,70.91588416349033,0.09456419944763184,0.07259559631347656,0.050007800000000005,0.011767540394384907,0.1343709367078615,0
1,4,Idle,Medium,LAN,58.13990279663941,24.06164913343219,0.09495735168457031,0.07242918014526367,0.0100039,0.0166755598839725,0.09910864002923617,0
1,4,Idle,Medium,WLAN,55.0097817232659,32.28471897139036,0.09361600875854492,0.07158732414245605,0.050007800000000005,0.016923859547739267,0.13851898369019533,0
1,4,Idle,Critical,LAN,78.6847257927399,6.137541179150521,0.09390902519226074,0.07186722755432129,0.0100039,0.016509129758064255,0.09838025731238553,0
1,4,Idle,Critical,WLAN,76.83814447780675,19.514694252126542,0.09366393089294434,0.07225942611694336,0.050007800000000005,0.007958618290887733,0.1302258444078311,0
1,4,Medium,Idle,LAN,25.035437637577584,71.87994602525083,0.09376740455627441,0.07213664054870605,0.0100039,0.012912632373805782,0.09505317292251184,0
1,4,Medium,Idle,WLAN,48.61477131554014,72.41189118173132,0.10409331321716309,0.07229876518249512,0.050007800000000005,0.015059061857461843,0.13736562703995697,0
1,4,Medium,Medium,LAN,48.00550582375196,34.84444156530095,0.09469485282897949,0.07282638549804688,0.0100039,0.01950936580372791,0.10233965130177478,0
1,4,Medium,Medium,WLAN,31.76654420794204,49.999635154758735,0.09504318237304688,0.07199764251708984,0.050007800000000005,0.009651609926305482,0.13165705244339532,0
1,4,Medium,Critical,LAN,42.81419293901588,6.936836378722269,0.09389972686767578,0.07216596603393555,0.0100039,0.013891126708900848,0.09606099274283639,0
1,4,Medium,Critical,WLAN,24.912388656830384,1.5927489186435784,0.09351921081542969,0.07274413108825684,0.050007800000000005,0.005586840706082818,0.12833877179433967,0
1,4,Critical,Idle,LAN,11.870175339900332,72.60365319588705,0.09402179718017578,0.07304501533508301,0.0100039,0.01836717575568056,0.10141609109076356,0
1,4,Critical,Idle,WLAN,11.14458075898288,52.38463955498989,0.09452295303344727,0.08029985427856445,0.050007800000000005,0.006884326811222455,0.1371919810897869,0
1,4,Critical,Medium,LAN,14.370690458142004,26.65048826135107,0.0959465503692627,0.07263827323913574,0.0100039,0.01932430122577062,0.10196647446490636,0
1,4,Critical,Medium,WLAN,13.777737554069256,35.72834360620017,0.09563088417053223,0.07152533531188965,0.050007800000000005,0.006649978431311447,0.1281831137432011,0
1,4,Critical,Critical,LAN,12.811413178985841,1.9421621622833762,0.09289360046386719,0.0721280574798584,0.0100038,0.009306450848386306,0.0914383083282447,0
1,4,Critical,Critical,WLAN,3.5502091371571565,18.885426925420585,0.0931236743927002,0.07271480560302734,0.050007800000000005,0.005911601776750973,0.12863420737977832,0
1,5,Idle,Idle,LAN,51.35881271311274,63.42663869723482,0.10242676734924316,0.07395505905151367,0.0100039,0.009980487091867118,0.09393944614338079,0
1,5,Idle,Idle,WLAN,54.70969269910478,59.29185710445316,0.10213422775268555,0.07271361351013184,0.050007800000000005,0.019381874442821384,0.14210328795295324,0
1,5,Idle,Medium,LAN,55.33162763932152,38.67431582280109,0.1017904281616211,0.07427692413330078,0.0100039,0.006058397803686294,0.09033922193698707,0
1,5,Idle,Medium,WLAN,63.22749040127169,49.82827536413859,0.10232996940612793,0.07294368743896484,0.050007800000000005,0.01852945715190549,0.14148094459087035,0
1,5,Idle,Critical,LAN,70.54646146091089,12.87558733917512,0.10078907012939453,0.07392621040344238,0.0100039,0.01792698160370324,0.10185709200714563,0
1,5,Idle,Critical,WLAN,70.2212487262617,7.006614999235891,0.10196733474731445,0.07318425178527832,0.050007800000000005,0.01577408496535223,0.13896613675063055,0
1,5,Medium,Idle,LAN,33.04544152408248,57.234153006188514,0.10138940811157227,0.07300877571105957,0.0100039,0.013077964672900743,0.09609064038396031,0
1,5,Medium,Idle,WLAN,33.605368477913785,55.45182612350578,0.10139179229736328,0.07376384735107422,0.050007800000000005,0.018643668760689732,0.14241531611176395,0
1,5,Medium,Medium,LAN,38.44170016891401,38.55265189635071,0.10050201416015625,0.07222437858581543,0.0100039,0.011697101828626884,0.09392538041444232,0
1,5,Medium,Medium,WLAN,23.496267668585872,28.139113646215463,0.10149025917053223,0.07377171516418457,0.050007800000000005,0.01614148109060132,0.1399209962547859,0
1,5,Medium,Critical,LAN,36.59079707942206,12.722666013331045,0.10185456275939941,0.0743100643157959,0.0100038,0.005079763580894697,0.0893936278966906,0
1,5,Medium,Critical,WLAN,35.25191077583156,10.8487136069418,0.10190200805664062,0.07349586486816406,0.050007800000000005,0.013754447033519097,0.13725811190168316,0
1,5,Critical,Idle,LAN,5.627462054376416,64.21184439245198,0.10200119018554688,0.07412099838256836,0.0100039,0.011099133374984716,0.09522403175755308,0
1,5,Critical,Idle,WLAN,10.367337867160725,68.90430129531852,0.10199666023254395,0.07346439361572266,0.050007800000000005,0.007774848799899481,0.13124704241562213,0
1,5,Critical,Medium,LAN,4.483513398271763,23.303946046512277,0.10140562057495117,0.07438111305236816,0.0100039,0.018799900144158662,0.10318491319652683,0
1,5,Critical,Medium,WLAN,16.26162927758104,22.248874468863292,0.10207581520080566,0.07422542572021484,0.050007800000000005,0.013653584205199926,0.13788680992541477,0
1,5,Critical,Critical,LAN,4.86306655285844,9.296652313931638,0.10214090347290039,0.07356595993041992,0.0100039,0.011794282814137792,0.0953641427445577,0
1,5,Critical,Critical,WLAN,18.526287822982535,15.599226887149902,0.10136270523071289,0.07410001754760742,0.050007800000000005,0.006502468827639488,0.1306102863752469,0
1,9,Idle,Idle,LAN,68.27476329614913,55.74123994560049,0.136275053024292,0.0764467716217041,0.0100038,0.005770574993019381,0.09222114661472348,0
1,9,Idle,Idle,WLAN,66.0575047089589,64.01746275633583,0.13479852676391602,0.0843820571899414,0.050007600000000006,0.009652742039103606,0.14404239922904502,0
1,9,Idle,Medium,LAN,58.91000021640985,22.853322783364977,0.13547015190124512,0.07686328887939453,0.0100039,0.01067583264983252,0.09754302152922704,0
1,9,Idle,Medium,WLAN,71.85794083642016,31.129522358695475,0.13546061515808105,0.07632255554199219,0.050007800000000005,0.016817920192772635,0.14314827573476482,0
1,9,Idle,Critical,LAN,78.71800650215962,6.967442993127806,0.13651204109191895,0.07624602317810059,0.0100039,0.01319873893997513,0.09944866211807571,0
1,9,Idle,Critical,WLAN,53.43984756075256,18.78578093629447,0.13535857200622559,0.0749826431274414,0.050007600000000006,0.01582781132219061,0.14081805444963202,0
1,9,Medium,Idle,LAN,27.808931046745933,64.80537652330405,0.14542126655578613,0.07695460319519043,0.0100039,0.018183037825273238,0.10514154102046366,0
1,9,Medium,Idle,WLAN,37.96040241450693,67.04744417125058,0.13613200187683105,0.0764009952545166,0.050007600000000006,0.015586482548666635,0.14199507780318324,0
1,9,Medium,Medium,LAN,35.19740336459692,39.608020738735775,0.13544940948486328,0.07583308219909668,0.0100039,0.00520239361471641,0.09103937581381309,0
1,9,Medium,Medium,WLAN,37.92186215768102,21.64698891169316,0.136199951171875,0.07506489753723145,0.050007800000000005,0.019027055834437926,0.14409975337166936,0
1,9,Medium,Critical,LAN,43.742045161009656,18.52419116899975,0.13625860214233398,0.07439851760864258,0.0100039,0.008916553938513925,0.0933189715471565,0
1,9,Medium,Critical,WLAN,25.697038384722767,12.146878413817813,0.14669418334960938,0.07752251625061035,0.050007800000000005,0.019120151128117418,0.14665046737872775,0
1,9,Critical,Idle,LAN,19.411074123013062,60.88908932003221,0.13552641868591309,0.07612800598144531,0.0100039,0.01538352358957537,0.10151542957102068,0
1,9,Critical,Idle,WLAN,19.05125643211982,52.04660177499481,0.13616609573364258,0.07602739334106445,0.050007800000000005,0.00978889233343899,0.13582408567450344,0
1,9,Critical,Medium,LAN,1.5376050584820655,37.986473110011005,0.13538575172424316,0.0758979320526123,0.0100038,0.017803196623909178,0.1037049286765215,0
1,9,Critical,Medium,WLAN,18.779147407740773,39.085541141810936,0.135575532913208,0.08771491050720215,0.050007800000000005,0.005408542918389726,0.14313125342559185,0
1,9,Critical,Critical,LAN,10.03755552672548,3.2561696698055775,0.1371324062347412,0.07616186141967773,0.0100039,0.011602289844513532,0.09776805126419126,0
1,9,Critical,Critical,WLAN,6.346947522031499,8.411218971383336,0.13673996925354004,0.07789373397827148,0.050007800000000005,0.009293317465890526,0.137194851444162,0
1,12,Idle,Idle,LAN,55.633224000563274,62.73161568477858,0.16177988052368164,0.0788733959197998,0.0100038,0.010026143011079493,0.0989033389308793,0
1,12,Idle,Idle,WLAN,78.02500335998306,53.93367455196748,0.16152596473693848,0.0785362720489502,0.050007600000000006,0.0061336840890404845,0.1346775561379907,0
1,12,Idle,Medium,LAN,57.60520559504139,27.210098644579638,0.17170023918151855,0.07925033569335938,0.0100039,0.014560368579601156,0.10381460427296052,0
1,12,Idle,Medium,WLAN,65.16098068560012,27.613467259750788,0.16271305084228516,0.07866621017456055,0.050007800000000005,0.006237803828424207,0.13491181400298474,0
1,12,Idle,Critical,LAN,73.81017827882602,8.352026707757659,0.16223526000976562,0.07772517204284668,0.0100039,0.01598210941149693,0.1037111814543436,0
1,12,Idle,Critical,WLAN,60.43272040544886,3.9383883780838347,0.16276073455810547,0.07768106460571289,0.050007800000000005,0.008167177935752107,0.135856042541465,0
1,12,Medium,Idle,LAN,33.1267827591617,60.72243980708366,0.17178726196289062,0.07912158966064453,0.0100039,0.014093899977473921,0.10321938963811844,0
1,12,Medium,Idle,WLAN,29.51696047554055,78.18044125163362,0.162369966506958,0.07939696311950684,0.050007800000000005,0.014665969345466174,0.144070732464973,0
1,12,Medium,Medium,LAN,37.12415724626486,27.572259485320767,0.16160178184509277,0.07922840118408203,0.0100039,0.008771190151934201,0.09800349133601623,0
1,12,Medium,Medium,WLAN,35.20255267739475,21.444000289300238,0.16195416450500488,0.07818365097045898,0.050007800000000005,0.01898711413877769,0.14717856510923666,0
1,12,Medium,Critical,LAN,23.29026969457978,0.3557823761449308,0.16060876846313477,0.07754206657409668,0.0100039,0.011987371187852161,0.09953333776194884,0
1,12,Medium,Critical,WLAN,21.65935774915779,11.936769364361972,0.16135549545288086,0.07766890525817871,0.050007800000000005,0.006324630599945314,0.13400133585812402,0
1,12,Critical,Idle,LAN,6.445867334497953,75.70917512435761,0.16114568710327148,0.07799696922302246,0.0100039,0.01732562401898858,0.10532649324201104,0
1,12,Critical,Idle,WLAN,3.9379360341822567,60.666546959812976,0.15973186492919922,0.07807207107543945,0.050007800000000005,0.01059207749322453,0.13867194856866397,0
1,12,Critical,Medium,LAN,17.10740997316583,41.598944286831546,0.1615898609161377,0.07954049110412598,0.0100039,0.0061352920708366045,0.09567968317496257,0
1,12,Critical,Medium,WLAN,2.0721763839897167,41.84381274366615,0.16112303733825684,0.0789024829864502,0.050007600000000006,0.01425466177443879,0.143164744760889,0
1,12,Critical,Critical,LAN,5.107645236704816,19.079430860975993,0.15951967239379883,0.07904338836669922,0.0100039,0.007697955251008954,0.09674524361770817,0
1,12,Critical,Critical,WLAN,4.146555546044395,14.66154090317569,0.15888094902038574,0.07879281044006348,0.050007800000000005,0.008991451441312765,0.13779206188137624,0
1,20,Idle,Idle,LAN,78.07036897751547,73.27644774185286,0.22796010971069336,0.0857851505279541,0.0100038,0.01788393007127304,0.11367288059922714,0
1,20,Idle,Idle,WLAN,57.659176894653655,53.481507701421,0.2287893295288086,0.08507204055786133,0.050007800000000005,0.013921622753906349,0.14900146331176767,0
1,20,Idle,Medium,LAN,70.09874886503447,34.0966067032484,0.22820091247558594,0.09320187568664551,0.0100039,0.013515473111191171,0.11672124879783667,0
1,20,Idle,Medium,WLAN,79.13324983219226,36.4552902691085,0.22845697402954102,0.08546566963195801,0.050007800000000005,0.0190771408916547,0.15455061052361269,0
1,20,Idle,Critical,LAN,78.88165064965823,6.2067742070638765,0.2285161018371582,0.08603739738464355,0.0100039,0.01959226891091834,0.11563356629556189,0
1,20,Idle,Critical,WLAN,76.72457674857567,2.6229333073097383,0.23084640502929688,0.09398794174194336,0.050007800000000005,0.018821036457116785,0.16281677819906012,0
1,20,Medium,Idle,LAN,28.767175457650033,73.99990441461864,0.22760224342346191,0.08645153045654297,0.0100039,0.006924515584796946,0.1033799460413399,0
1,20,Medium,Idle,WLAN,36.73257460855373,53.67684974375021,0.22886133193969727,0.08410835266113281,0.050007800000000005,0.005735483795897626,0.13985163645703044,0
1,20,Medium,Medium,LAN,48.25973608367762,30.315883690009017,0.22710108757019043,0.09371709823608398,0.0100039,0.007514091670468282,0.11123508990655226,0
1,20,Medium,Medium,WLAN,47.50039819308421,33.723473525033185,0.2292945384979248,0.08643341064453125,0.050007800000000005,0.006089409595569461,0.1425306202401007,0
1,20,Medium,Critical,LAN,34.5420342696537,6.053470314087539,0.22835969924926758,0.0858912467956543,0.0100038,0.01606195367594633,0.11195700047160063,0
1,20,Medium,Critical,WLAN,23.49324315660102,4.9111470487600855,0.22709274291992188,0.09285902976989746,0.050007800000000005,0.019249262176948355,0.16211609194684581,0
1,20,Critical,Idle,LAN,15.167517351283141,55.748821694447194,0.23010778427124023,0.08477997779846191,0.0100039,0.0061799932885800305,0.10096387108704194,0
1,20,Critical,Idle,WLAN,19.012374470655132,65.41540620722908,0.22871041297912598,0.08550262451171875,0.050007800000000005,0.012709323333184964,0.14821974784490372,0
1,20,Critical,Medium,LAN,16.426384599066115,32.318791558304945,0.23613810539245605,0.08613204956054688,0.0100039,0.015336028610199396,0.11147197817074626,0
1,20,Critical,Medium,WLAN,17.249498864915086,26.492744834069917,0.2290351390838623,0.08643293380737305,0.050007800000000005,0.0059712668316482635,0.1424120006390213,0
1,20,Critical,Critical,LAN,16.420378942555644,17.820538598939308,0.22873568534851074,0.08671069145202637,0.0100039,0.013056148036094783,0.10977073948812115,0
1,20,Critical,Critical,WLAN,13.441214044602454,8.43074396653352,0.23474502563476562,0.0866692066192627,0.050007600000000006,0.017394799703506963,0.15407160632276967,0
1,30,Idle,Idle,LAN,76.94249190651556,79.0565045372067,0.313281774520874,0.0948343276977539,0.0100038,0.018639535025775804,0.12347766272352972,0
1,30,Idle,Idle,WLAN,66.46655667158264,66.40837588422337,0.31259942054748535,0.10084962844848633,0.050007800000000005,0.010778026623221254,0.16163545507170757,0
1,30,Idle,Medium,LAN,66.14410171807887,28.63702465095895,0.3139007091522217,0.09491539001464844,0.0100039,0.018789430319492137,0.12370872033414057,0
1,30,Idle,Medium,WLAN,62.033836808164054,44.26233705419297,0.31131577491760254,0.10056424140930176,0.050007800000000005,0.009253107794313941,0.15982514920361568,0
1,30,Idle,Critical,LAN,76.96825117527662,4.24984675395905,0.31450486183166504,0.09377503395080566,0.0100039,0.0059289245656267645,0.10970785851643243,0
1,30,Idle,Critical,WLAN,77.49191908714643,15.402653829108264,0.31142616271972656,0.09900021553039551,0.050007800000000005,0.0069355697858638895,0.15594358531625938,0
1,30,Medium,Idle,LAN,46.86457437751804,54.8848736264138,0.3134286403656006,0.09443855285644531,0.0100039,0.013242437154012136,0.11768489001045744,0
1,30,Medium,Idle,WLAN,24.820082200813847,77.33061019896637,0.31061720848083496,0.1003410816192627,0.050007600000000006,0.013565062638345327,0.16391374425760805,0
1,30,Medium,Medium,LAN,39.198774656215306,22.278931203734277,0.31284117698669434,0.09351444244384766,0.0100039,0.016702859224462914,0.12022120166831057,0
1,30,Medium,Medium,WLAN,39.38810503594525,45.27273982467028,0.3096461296081543,0.09316039085388184,0.050007800000000005,0.01306251408321478,0.15623070493709662,0
1,30,Medium,Critical,LAN,42.42814616022139,8.367113243138231,0.3200259208679199,0.09442830085754395,0.0100039,0.017971698206793507,0.12240389906433745,0
1,30,Medium,Critical,WLAN,33.66467503060986,12.471440906740503,0.3125941753387451,0.09486007690429688,0.050007800000000005,0.006000562504631659,0.15086843940892852,0
1,30,Critical,Idle,LAN,6.788097879234273,63.186674455772234,0.3189074993133545,0.09541893005371094,0.0100039,0.009821275370181947,0.11524410542389288,0
1,30,Critical,Idle,WLAN,12.972808081488594,58.66792388293973,0.31347155570983887,0.09419441223144531,0.050007800000000005,0.01243057999549849,0.1566327922269438,0
1,30,Critical,Medium,LAN,12.683632654432772,21.918235779614875,0.3186771869659424,0.09242773056030273,0.0100039,0.006176053939760489,0.10860768450006322,0
1,30,Critical,Medium,WLAN,17.422132533227376,31.01851954110232,0.31198668479919434,0.09369897842407227,0.050007800000000005,0.01004231140491384,0.1537490898289861,0
1,30,Critical,Critical,LAN,2.754524171991719,10.114991452046313,0.31920671463012695,0.09480667114257812,0.0100039,0.019605694816551025,0.12441626595912915,0
1,30,Critical,Critical,WLAN,16.45735441036129,13.912029076522286,0.3136484622955322,0.0921173095703125,0.050007600000000006,0.005103964611800857,0.14722887418211336,0
1,50,Idle,Idle,LAN,79.54216073047355,62.36992556742148,0.49010586738586426,0.11079573631286621,0.0100039,0.019267461452415226,0.14006709776528142,0
1,50,Idle,Idle,WLAN,64.1421851645759,55.505460464175535,0.48442673683166504,0.2750885486602783,0.050007600000000006,0.008075697187507164,0.3331718458477855,0
1,50,Idle,Medium,LAN,79.41464714437527,38.165997321510574,0.4834921360015869,0.11062240600585938,0.0100039,0.011959272907087495,0.13258557891294687,0
1,50,Idle,Medium,WLAN,72.77587308695789,45.54656634339396,0.4879114627838135,0.11183404922485352,0.050007800000000005,0.0183951931598183,0.1802370423846718,0
1,50,Idle,Critical,LAN,67.53343634308528,6.403561553464037,0.4862205982208252,0.11566567420959473,0.0100039,0.00677746831621741,0.13244704252581216,0
1,50,Idle,Critical,WLAN,78.38391814941257,9.647985961842874,0.4855344295501709,0.11100602149963379,0.050007800000000005,0.01675117254602986,0.17776499404566365,0
1,50,Medium,Idle,LAN,40.3360201002489,77.83708982602495,0.4820108413696289,0.11169552803039551,0.0100039,0.014210137174540425,0.13590956520493594,0
1,50,Medium,Idle,WLAN,21.701200148490628,74.06851705814051,0.4897594451904297,0.11188507080078125,0.050007800000000005,0.01974338845478607,0.1816362592555673,0
1,50,Medium,Medium,LAN,27.559797964646965,41.29825677919381,0.48456263542175293,0.11604976654052734,0.0100039,0.00854758398995524,0.1346012505304826,0
1,50,Medium,Medium,WLAN,39.86253497490657,30.235498146324062,0.4865994453430176,0.11162734031677246,0.050007800000000005,0.01146573863527137,0.17310087895204382,0
1,50,Medium,Critical,LAN,22.520834697244595,13.650053771860255,0.49141359329223633,0.11135125160217285,0.0100039,0.010656493739454237,0.13201164534162707,0
1,50,Medium,Critical,WLAN,35.730351691527645,3.123185277510905,0.48613953590393066,0.11556792259216309,0.050007800000000005,0.01181877118111605,0.17739449377327912,0
1,50,Critical,Idle,LAN,15.961007158995745,65.40107579450324,0.48450732231140137,0.10972929000854492,0.0100039,0.015477845165513843,0.13521103517405875,0
1,50,Critical,Idle,WLAN,1.0940103395432743,72.73700038359613,0.48368144035339355,0.11148786544799805,0.050007800000000005,0.006624569636136655,0.1681202350841347,0
1,50,Critical,Medium,LAN,15.956293902957604,25.544120824679332,0.4893159866333008,0.11129951477050781,0.0100039,0.018490024880810432,0.13979343965131824,0
1,50,Critical,Medium,WLAN,1.687119273849147,34.77411933992428,0.48443078994750977,0.11685824394226074,0.050007800000000005,0.011845801666073836,0.17871184560833456,0
1,50,Critical,Critical,LAN,5.275568584917347,10.943338891157424,0.48549842834472656,0.11205530166625977,0.0100039,0.016335792701977634,0.1383949943682374,0
1,50,Critical,Critical,WLAN,12.913190104036811,10.252918676542091,0.49203991889953613,0.11188745498657227,0.050007800000000005,0.005819320408809129,0.1677145753953814,0
1,100,Idle,Idle,LAN,69.00296240657244,55.86860128912974,0.9292604923248291,0.15550947189331055,0.0100039,0.011410268848530171,0.17692364074184072,0
1,100,Idle,Idle,WLAN,55.04871577268601,75.5943240253803,0.9305315017700195,0.15760564804077148,0.050007800000000005,0.015233822482294986,0.22284727052306647,0
1,100,Idle,Medium,LAN,52.54338398298036,41.23844466570968,0.9216973781585693,0.16109752655029297,0.0100039,0.005403884499548389,0.17650531104984138,0
1,100,Idle,Medium,WLAN,76.13849877653143,33.6050499953871,0.9301862716674805,0.15480303764343262,0.050007800000000005,0.006965213088379548,0.21177605073181216,0
1,100,Idle,Critical,LAN,68.69423520754219,5.142313001685062,0.9267878532409668,0.15687084197998047,0.0100039,0.018940713276526643,0.1858154552565071,0
1,100,Idle,Critical,WLAN,59.74423700636412,2.4325633141915826,0.921607494354248,0.15738368034362793,0.050007800000000005,0.008174796980630415,0.21556627732425834,0
1,100,Medium,Idle,LAN,28.56624738538376,66.81812626132411,0.9253861904144287,0.1535203456878662,0.0100038,0.019015796981962537,0.18253994266982876,0
1,100,Medium,Idle,WLAN,46.73546843115438,65.54108114299056,0.9173440933227539,0.15568971633911133,0.050007800000000005,0.014088185057256345,0.21978570139636766,0
1,100,Medium,Medium,LAN,42.95300448707997,40.689959866246326,0.9158492088317871,0.3205540180206299,0.0100038,0.01709433132846432,0.3476521493490942,0
1,100,Medium,Medium,WLAN,23.515869727745354,24.25327411665473,0.9287416934967041,0.15362048149108887,0.050007800000000005,0.018758391821877482,0.22238667331296635,0
1,100,Medium,Critical,LAN,33.654111511634554,10.031344188868466,0.9318802356719971,0.1559593677520752,0.0100038,0.012892368519690372,0.17885553627176556,0
1,100,Medium,Critical,WLAN,41.3525740214755,13.9960909771177,0.9273471832275391,0.15837574005126953,0.050007800000000005,0.015585451593132495,0.223968991644402,0
1,100,Critical,Idle,LAN,19.36164215313722,56.61679378283357,0.9255373477935791,0.15357732772827148,0.0100039,0.010781045087795125,0.17436227281606662,0
1,100,Critical,Idle,WLAN,3.184239558044162,71.72475871771071,0.9301736354827881,0.1564943790435791,0.050007600000000006,0.009660378078010184,0.2161623571215893,0
1,100,Critical,Medium,LAN,9.431509946622374,25.009027688725794,0.9260127544403076,0.15958070755004883,0.0100039,0.013470956087802865,0.1830555636378517,0
1,100,Critical,Medium,WLAN,3.288544830270197,31.180439437539622,0.9305760860443115,0.15327882766723633,0.050007800000000005,0.009601981488417852,0.21288860915565416,0
1,100,Critical,Critical,LAN,10.332456850362508,5.486398057535331,0.9330606460571289,0.15627121925354004,0.0100039,0.01313410262747846,0.17940922188101852,0
1,100,Critical,Critical,WLAN,2.8015780655139033,19.435808085347922,0.9289188385009766,0.1578073501586914,0.050007600000000006,0.015520734246115265,0.2233356844048067,0
1,250,Idle,Idle,LAN,57.583053287181514,72.9722454562961,2.29289174079895,0.2869405746459961,0.0100038,0.018042026728209266,0.31498640137420536,0
1,250,Idle,Idle,WLAN,76.86155475386275,52.57335400582851,2.292236089706421,0.2882058620452881,0.050007600000000006,0.014247685802875228,0.3524611478481633,0
1,250,Idle,Medium,LAN,57.38307391428565,43.92276712519191,2.288849115371704,0.4668240547180176,0.0100038,0.015240790738138353,0.4920686454561559,0
1,250,Idle,Medium,WLAN,78.06779067333919,32.34194610448975,2.294245719909668,0.2930605411529541,0.050007600000000006,0.015177125197936292,0.3582452663508904,0
1,250,Idle,Critical,LAN,53.921111917507204,17.44204401772577,2.297804594039917,0.29361963272094727,0.0100039,0.008289215585650394,0.31191274830659765,0
1,250,Idle,Critical,WLAN,70.93002691477005,19.924751066875416,2.2960991859436035,0.2915666103363037,0.050007600000000006,0.010719380329068547,0.35229359066537225,0
1,250,Medium,Idle,LAN,38.1223266579578,55.10246793325186,2.305478572845459,0.28412437438964844,0.0100039,0.008519958063847184,0.30264823245349565,0
1,250,Medium,Idle,WLAN,39.735591955629644,79.50280962078642,2.299934148788452,0.28565454483032227,0.050007800000000005,0.01349394595934578,0.34915629078966803,0
1,250,Medium,Medium,LAN,30.07789621711059,40.82597974875607,2.3002407550811768,0.28391480445861816,0.0100039,0.014534551981709748,0.30845325644032795,0
1,250,Medium,Medium,WLAN,40.72632749079534,42.48853728880826,2.47768235206604,0.29228878021240234,0.050007800000000005,0.005651872834448236,0.34794845304685057,0
1,250,Medium,Critical,LAN,25.32865135771995,17.48473846462995,2.2896015644073486,0.29378271102905273,0.0100039,0.01832060767340094,0.3221072187024537,0
1,250,Medium,Critical,WLAN,28.213445007538155,12.580656728824739,2.296356678009033,0.2889387607574463,0.050007600000000006,0.017174764656902822,0.3561211254143491,0
1,250,Critical,Idle,LAN,9.598666053960113,71.4511924327163,2.2970519065856934,0.2894577980041504,0.0100038,0.009505859326748477,0.30896745733089886,0
1,250,Critical,Idle,WLAN,7.968006035533768,62.676256194672135,2.3009047508239746,0.2894299030303955,0.050007600000000006,0.005234482192923163,0.34467198522331866,0
1,250,Critical,Medium,LAN,13.698759593340322,24.39670024516476,2.3023836612701416,0.2885141372680664,0.0100038,0.011154589694870723,0.3096725269629371,0
1,250,Critical,Medium,WLAN,13.510283866444423,30.164493898728796,2.295715570449829,0.48128843307495117,0.050007800000000005,0.013126221308391462,0.5444224543833427,0
1,250,Critical,Critical,LAN,18.21715691745598,15.661820525202526,2.2902379035949707,0.29285478591918945,0.0100039,0.0064365490215862065,0.30929523494077565,0
1,250,Critical,Critical,WLAN,4.972501866651083,16.44584978573328,2.2951016426086426,0.29474544525146484,0.050007800000000005,0.011086411611520339,0.3558396568629852,0
1,500,Idle,Idle,LAN,74.14553165435802,59.00623791563694,4.746302604675293,0.5220067501068115,0.0100038,0.014152414121083035,0.5461629642278946,0
1,500,Idle,Idle,WLAN,62.222019109383766,69.68390198885038,4.736994743347168,0.5212595462799072,0.050007600000000006,0.009373505275339818,0.5806406515552471,0
1,500,Idle,Medium,LAN,54.43469335728895,43.732236120220165,4.7409703731536865,0.7282750606536865,0.0100038,0.017692817374648437,0.755971678028335,0
1,500,Idle,Medium,WLAN,79.53479254738491,43.60170373693656,4.720282554626465,0.5253009796142578,0.050007600000000006,0.00915839692520683,0.5844669765394647,0
1,500,Idle,Critical,LAN,71.42030495150632,2.505238069036533,4.742357015609741,0.5267539024353027,0.0100038,0.010885995800345969,0.5476436982356487,0
1,500,Idle,Critical,WLAN,65.04209282376839,19.244079316420258,4.728957176208496,0.5222325325012207,0.050007600000000006,0.01876440354330808,0.5910045360445288,0
1,500,Medium,Idle,LAN,25.398600093957292,78.12459113500904,4.959397315979004,0.5235397815704346,0.0100038,0.008543207203013136,0.5420867887734477,0
1,500,Medium,Idle,WLAN,35.69346093299684,75.67076702311599,4.730548620223999,0.5216217041015625,0.050007600000000006,0.01022497819708101,0.5818542822986436,0
1,500,Medium,Medium,LAN,38.55549569103058,37.505931828770514,4.733969211578369,0.5210025310516357,0.0100038,0.009549468459398594,0.5405557995110344,0
1,500,Medium,Medium,WLAN,46.460927551446076,41.42186296020877,4.732004642486572,0.7358648777008057,0.050007600000000006,0.009666162699364355,0.7955386404001701,0
1,500,Medium,Critical,LAN,40.7491818341945,17.18662076897752,4.726768255233765,0.5280120372772217,0.0100038,0.005840707986750664,0.5438565452639723,0
1,500,Medium,Critical,WLAN,29.397993401062408,0.22113519014376415,4.727232456207275,0.5240366458892822,0.050007600000000006,0.013541413001751029,0.5875856588910333,0
1,500,Critical,Idle,LAN,2.4024414836087793,63.26190269987643,4.728541374206543,0.5228297710418701,0.0100038,0.017169882133862006,0.5500034531757322,0
1,500,Critical,Idle,WLAN,8.624465931499275,75.14081319385681,4.951371431350708,0.5256683826446533,0.050007600000000006,0.012244745556259267,0.5879207282009127,0
1,500,Critical,Medium,LAN,10.884099764316321,24.11808802410696,4.739582538604736,0.5255398750305176,0.0100038,0.012950988088173084,0.5484946631186907,0
1,500,Critical,Medium,WLAN,9.483731835325454,28.953978774843062,4.741404056549072,0.515800952911377,0.0500074,0.008426932492823697,0.5742352854042007,0
1,500,Critical,Critical,LAN,11.334926530832147,12.603305415885238,4.728972434997559,0.7369034290313721,0.0100038,0.009005499707149976,0.755912728738522,0
1,500,Critical,Critical,WLAN,3.231277609605352,17.149387905589737,4.725592374801636,0.5262978076934814,0.050007600000000006,0.008755378404930065,0.5850607860984115,0
1024,2,Idle,Idle,LAN,51.07735502576609,53.95272451077116,0.0766596794128418,0.07364201545715332,0.0100039,0.014904272872470637,0.09855018832962395,0
1024,2,Idle,Idle,WLAN,68.66487653017599,78.72930272829808,0.07636094093322754,0.07068252563476562,0.050007800000000005,0.015929254859563178,0.13661958049432882,0
1024,2,Idle,Medium,LAN,54.82128907372586,31.52924558964922,0.07778573036193848,0.0701284408569336,0.0100038,0.019907934004789758,0.10004017486172335,0
1024,2,Idle,Medium,WLAN,59.14887560780272,38.42210124222085,0.0760641098022461,0.08180856704711914,0.050007800000000005,0.011264893033648221,0.14308126008076735,0
1024,2,Idle,Critical,LAN,61.95525492684849,14.871006750138863,0.07918858528137207,0.06781697273254395,0.0100039,0.011665902433764867,0.0894867751663088,0
1024,2,Idle,Critical,WLAN,65.28939283329528,1.243007217686849,0.07710623741149902,0.07175827026367188,0.050007800000000005,0.01156328630108213,0.133329356564754,0
1024,2,Medium,Idle,LAN,33.200810562444524,63.20010102920802,0.07887935638427734,0.07065439224243164,0.0100039,0.012496541833003503,0.09315483407543514,0
1024,2,Medium,Idle,WLAN,23.059140504782825,52.20246166374714,0.07555031776428223,0.07056379318237305,0.050007800000000005,0.017317417904792885,0.13788901108716595,0
1024,2,Medium,Medium,LAN,43.16981176931869,26.008677882029342,0.07694005966186523,0.07117986679077148,0.0100039,0.00842632072695969,0.08961008751773117,0
1024,2,Medium,Medium,WLAN,39.623405384305016,22.818981134462756,0.07875370979309082,0.07033443450927734,0.050007800000000005,0.00872499165148626,0.1290672261607636,0
1024,2,Medium,Critical,LAN,41.141006652352246,2.069874480907097,0.07752561569213867,0.0708620548248291,0.0100038,0.014199591826109473,0.09506544665093858,0
1024,2,Medium,Critical,WLAN,49.99567087518922,14.394481846048887,0.08662557601928711,0.06981658935546875,0.050007800000000005,0.011938380525742632,0.13176276988121138,0
1024,2,Critical,Idle,LAN,12.971467968316004,65.88048570823051,0.0761725902557373,0.07045125961303711,0.0100039,0.007263016764967531,0.08771817637800464,0
1024,2,Critical,Idle,WLAN,2.9633160868852992,66.73901974508316,0.07796359062194824,0.07204246520996094,0.050007800000000005,0.017876040679623,0.13992630588958394,0
1024,2,Critical,Medium,LAN,19.5981708205103,36.105947093093775,0.0760965347290039,0.07083249092102051,0.0100039,0.006573800263253523,0.08741019118427402,0
1024,2,Critical,Medium,WLAN,2.762740329095663,25.561527074812346,0.07645201683044434,0.0706636905670166,0.050007600000000006,0.006857565238372533,0.12752885580538914,0
1024,2,Critical,Critical,LAN,3.2905794079287887,7.887581562448565,0.07687234878540039,0.06992506980895996,0.0100039,0.013156042371880474,0.09308501218084043,0
1024,2,Critical,Critical,WLAN,15.311498273169446,10.157258396502618,0.07696700096130371,0.07134675979614258,0.050007800000000005,0.018888918695024043,0.14024347849116664,0
1024,4,Idle,Idle,LAN,68.0277790403287,66.97597317624721,0.09457993507385254,0.08493709564208984,0.0100039,0.010612328709831993,0.10555332435192183,0
1024,4,Idle,Idle,WLAN,60.44249110412883,74.21123759382056,0.09423661231994629,0.0711362361907959,0.050007600000000006,0.00862542027010561,0.1297692564609015,0
1024,4,Idle,Medium,LAN,56.09441067268216,28.744037602307163,0.09498786926269531,0.0717463493347168,0.0100038,0.011559975015334028,0.09331012435005083,0
1024,4,Idle,Medium,WLAN,68.7325496887903,26.52788232921165,0.09321141242980957,0.072235107421875,0.0500074,0.008394567354357431,0.13063707477623243,0
1024,4,Idle,Critical,LAN,70.51183059104568,13.013078790984443,0.09416580200195312,0.07307004928588867,0.0100039,0.01086384046105162,0.09393778974694028,0
1024,4,Idle,Critical,WLAN,51.17101737315475,13.365205469775054,0.09557104110717773,0.07221150398254395,0.050007800000000005,0.01712426442919435,0.1393435684117383,0
1024,4,Medium,Idle,LAN,45.023371116939984,58.28678104207824,0.09435367584228516,0.0728766918182373,0.0100038,0.019164331976257002,0.10204482379449431,0
1024,4,Medium,Idle,WLAN,48.124788120539534,62.32385991156343,0.10438942909240723,0.07191205024719238,0.050007800000000005,0.005805356502982566,0.12772520675017496,0
1024,4,Medium,Medium,LAN,22.600044977305608,44.97601447904072,0.09418201446533203,0.07123780250549316,0.0100039,0.007649549037790177,0.08889125154328334,0
1024,4,Medium,Medium,WLAN,26.926116697781225,38.02054468759192,0.09294509887695312,0.0735013484954834,0.050007600000000006,0.015237633115055191,0.1387465816105386,0
1024,4,Medium,Critical,LAN,32.53199014525264,3.2993281683463627,0.09350824356079102,0.07236123085021973,0.0100039,0.01621187375873167,0.09857700460895139,0
1024,4,Medium,Critical,WLAN,31.490210178237607,10.745873510260925,0.09518790245056152,0.0722799301147461,0.050007600000000006,0.015168075702790072,0.13745560581753619,0
1024,4,Critical,Idle,LAN,13.89861820678137,65.15034706890168,0.09584355354309082,0.07329583168029785,0.0100039,0.007386091665190326,0.09068582334548818,0
1024,4,Critical,Idle,WLAN,10.595459286361134,70.47200964716848,0.09583520889282227,0.07172346115112305,0.050007800000000005,0.013773526963205194,0.13550478811432826,0
1024,4,Critical,Medium,LAN,6.837267782197416,29.70901062889255,0.0940096378326416,0.07148408889770508,0.0100039,0.014282333297477499,0.09577032219518257,0
1024,4,Critical,Medium,WLAN,2.8222341305384346,36.862946295084775,0.0932013988494873,0.07269454002380371,0.050007800000000005,0.009712141071761908,0.1324144810955656,0
1024,4,Critical,Critical,LAN,7.18722773485095,9.951143044727338,0.09334468841552734,0.07357358932495117,0.0100039,0.008709827694676122,0.0922873170196273,0
1024,4,Critical,Critical,WLAN,17.932507152685854,15.710792429458113,0.09484457969665527,0.07343482971191406,0.050007800000000005,0.01597251097375053,0.1394151406856646,0
1024,5,Idle,Idle,LAN,75.38206543980031,66.54160871984269,0.10356402397155762,0.07342052459716797,0.0100039,0.01201828282100956,0.09544270741817752,0
1024,5,Idle,Idle,WLAN,78.62038624635919,56.46174132077186,0.10361623764038086,0.07401156425476074,0.050007800000000005,0.011129079149964055,0.13514844340472482,0
1024,5,Idle,Medium,LAN,76.64128540578831,39.568837049818086,0.11346840858459473,0.07379007339477539,0.0100039,0.01979859849950913,0.10359257189428452,0
1024,5,Idle,Medium,WLAN,77.28379518984443,27.288152626923686,0.10284113883972168,0.0735626220703125,0.050007600000000006,0.00753224079061054,0.13110246286092306,0
1024,5,Idle,Critical,LAN,64.37177451108371,5.094530808984958,0.10311722755432129,0.07349109649658203,0.0100039,0.010979390012004615,0.09447438650858664,0
1024,5,Idle,Critical,WLAN,68.2192676082486,14.436643415225207,0.10241150856018066,0.07232093811035156,0.050007800000000005,0.013765952954892056,0.13609469106524363,0
1024,5,Medium,Idle,LAN,26.130157367179255,72.1957642812745,0.10276484489440918,0.07235455513000488,0.0100039,0.008655688458966188,0.09101414358897107,0
1024,5,Medium,Idle,WLAN,44.91187288496698,63.96275466907947,0.10382533073425293,0.07287025451660156,0.050007800000000005,0.013948977888779239,0.1368270324053808,0
1024,5,Medium,Medium,LAN,24.4468780173062,35.92214044278771,0.11831188201904297,0.07311439514160156,0.0100039,0.0058315795936725945,0.08894987473527416,0
1024,5,Medium,Medium,WLAN,28.733433858498074,22.80075409264608,0.10279607772827148,0.07387351989746094,0.050007800000000005,0.019334212842624085,0.14321553274008503,0
1024,5,Medium,Critical,LAN,47.84166093136771,1.6044603214899111,0.1032264232635498,0.07286930084228516,0.0100039,0.01887444260519475,0.1017476434474799,0
1024,5,Medium,Critical,WLAN,33.61198148664777,10.630891200957342,0.10369515419006348,0.07298541069030762,0.050007800000000005,0.005586793504446344,0.12858000419475396,0
1024,5,Critical,Idle,LAN,18.92098523615072,52.317225156521005,0.10325479507446289,0.07358860969543457,0.0100039,0.00798318378272561,0.09157569347816018,0
1024,5,Critical,Idle,WLAN,6.64655421546239,67.88098453504276,0.10405492782592773,0.07379627227783203,0.050007800000000005,0.008773322202058897,0.13257739447989092,0
1024,5,Critical,Medium,LAN,19.99834481352082,42.51159655295092,0.11388301849365234,0.07389163970947266,0.0100039,0.005717765371552097,0.08961330508102475,0
1024,5,Critical,Medium,WLAN,11.159161592906216,37.626198465753184,0.10535788536071777,0.07372760772705078,0.050007800000000005,0.006367330454831337,0.13010273818188212,0
1024,5,Critical,Critical,LAN,16.66734699062343,4.785655719548563,0.10335397720336914,0.07307314872741699,0.0100039,0.013954481597452575,0.09703153032486957,0
1024,5,Critical,Critical,WLAN,5.078666444362769,6.221889782044368,0.10357356071472168,0.07413864135742188,0.050007800000000005,0.014510016176950923,0.1386564575343728,0
1024,9,Idle,Idle,LAN,58.69157291667751,77.75957030223617,0.13704514503479004,0.07769632339477539,0.0100039,0.019012879439725034,0.10671310283450042,0
1024,9,Idle,Idle,WLAN,79.86218208301867,70.85757516677266,0.13515925407409668,0.08708453178405762,0.050007800000000005,0.013349877445558909,0.1504422092296165,0
1024,9,Idle,Medium,LAN,69.30279214243879,22.5194313243778,0.13651490211486816,0.07714390754699707,0.0100039,0.016974590237172887,0.10412239778416996,0
1024,9,Idle,Medium,WLAN,74.4566504677461,24.690179666740615,0.13611340522766113,0.07607245445251465,0.050007800000000005,0.0058828815269100915,0.13196313597942472,0
1024,9,Idle,Critical,LAN,66.80713033852649,12.475034845940112,0.1361219882965088,0.07587003707885742,0.0100039,0.012528540603357065,0.09840247768221448,0
1024,9,Idle,Critical,WLAN,68.52490765276241,11.187924476001381,0.13587045669555664,0.07689142227172852,0.050007800000000005,0.017103079080957036,0.14400230135268555,0
1024,9,Medium,Idle,LAN,28.055504767277323,72.13369988164169,0.14606642723083496,0.07571792602539062,0.0100039,0.008684728848654897,0.09440655487404552,0
1024,9,Medium,Idle,WLAN,49.330352214084314,55.45694129351803,0.13609075546264648,0.07610774040222168,0.050007800000000005,0.006482110031313555,0.13259765043353522,0
1024,9,Medium,Medium,LAN,44.490272833048856,30.81972196914417,0.13594985008239746,0.07626724243164062,0.0100039,0.017064524170446908,0.10333566660208753,0
1024,9,Medium,Medium,WLAN,25.06192534019532,37.89289560361448,0.13655614852905273,0.07738876342773438,0.050007800000000005,0.005844142222630298,0.13324070565036467,0
1024,9,Medium,Critical,LAN,33.532869831994816,10.569793825213809,0.1359102725982666,0.07622790336608887,0.0100039,0.012961274513378949,0.09919307787946781,0
1024,9,Medium,Critical,WLAN,31.446782037590847,8.04390546596318,0.1358475685119629,0.07581043243408203,0.050007800000000005,0.007781825095669834,0.13360005752975185,0
1024,9,Critical,Idle,LAN,5.999842753061677,66.0561346284768,0.1358623504638672,0.07749438285827637,0.0100039,0.011109498483851572,0.09860778134212794,0
1024,9,Critical,Idle,WLAN,10.537504548453926,55.547976318037165,0.13608884811401367,0.07680249214172363,0.050007800000000005,0.006338530643639159,0.13314882278536277,0
1024,9,Critical,Medium,LAN,9.213117145595644,41.170045525507334,0.13623833656311035,0.07681751251220703,0.0100039,0.006583395326551588,0.09340480783875861,0
1024,9,Critical,Medium,WLAN,2.885681529547448,39.73203711846608,0.1358962059020996,0.08689546585083008,0.050007800000000005,0.011261351150269827,0.1481646170010999,0
1024,9,Critical,Critical,LAN,0.4745984671674064,4.765711094589172,0.13698816299438477,0.07698631286621094,0.0100039,0.00792149354880282,0.09491170641501376,0
1024,9,Critical,Critical,WLAN,0.0584412850194993,10.728956587833684,0.13611149787902832,0.07611966133117676,0.050007800000000005,0.010013872527619316,0.13614133385879607,0
1024,12,Idle,Idle,LAN,60.04417333738617,64.33568773719016,0.16241025924682617,0.07829952239990234,0.0100039,0.013190175824040366,0.1014935982239427,0
1024,12,Idle,Idle,WLAN,56.212237259993344,63.590910934644725,0.16266942024230957,0.07861542701721191,0.050007800000000005,0.010421718537247122,0.13904494555445904,0
1024,12,Idle,Medium,LAN,75.21700331585332,35.85115406269567,0.16065526008605957,0.0791921615600586,0.0100038,0.018748208376955,0.1079441699370136,0
1024,12,Idle,Medium,WLAN,56.95523311898404,37.85111363866268,0.16136765480041504,0.07899236679077148,0.050007800000000005,0.014613470870981422,0.1436136376617529,0
1024,12,Idle,Critical,LAN,60.603901537635025,8.365943050651206,0.1612710952758789,0.0765388011932373,0.0100038,0.00968270267539367,0.09622530386863098,0
1024,12,Idle,Critical,WLAN,73.46118451493875,17.20726785818442,0.1613936424255371,0.07906627655029297,0.050007800000000005,0.013678544152617777,0.14275262070291073,0
1024,12,Medium,Idle,LAN,30.332180938703704,76.23485143885165,0.16080975532531738,0.07917499542236328,0.0100039,0.005706082431290024,0.0948849778536533,0
1024,12,Medium,Idle,WLAN,24.273586623503313,79.37914452752608,0.1611478328704834,0.07933545112609863,0.050007800000000005,0.018699603811404692,0.14804285493750333,0
1024,12,Medium,Medium,LAN,49.920006309345624,40.601753851538774,0.16079115867614746,0.07809948921203613,0.0100039,0.019470274097055682,0.10757366330909181,0
1024,12,Medium,Medium,WLAN,39.11935882393943,38.50935657605918,0.16144299507141113,0.07896780967712402,0.050007800000000005,0.006693952831758889,0.1356695625088829,0
1024,12,Medium,Critical,LAN,24.544018920552784,11.101578044511193,0.1614067554473877,0.07895612716674805,0.0100039,0.017259337573187903,0.10621936473993594,0
1024,12,Medium,Critical,WLAN,26.64990999778317,4.177462495861219,0.16170406341552734,0.07880258560180664,0.050007800000000005,0.011230542341050974,0.1400409279428576,0
1024,12,Critical,Idle,LAN,15.1643992496602,54.1306844740682,0.16017508506774902,0.07887101173400879,0.0100039,0.01883651438584664,0.10771142611985543,0
1024,12,Critical,Idle,WLAN,16.202454156088162,53.32933458770748,0.16085147857666016,0.07841157913208008,0.050007800000000005,0.018606470338619317,0.14702584947069938,0
1024,12,Critical,Medium,LAN,0.5841507334532614,23.039253142686867,0.16120624542236328,0.0779271125793457,0.0100038,0.008351208426927246,0.09628212100627295,0
1024,12,Critical,Medium,WLAN,5.9686976393383855,24.485657444344106,0.16042137145996094,0.0791158676147461,0.050007600000000006,0.015323503473992302,0.1444469710887384,0
1024,12,Critical,Critical,LAN,18.165151012500942,5.939995606403308,0.1604926586151123,0.07886934280395508,0.0100039,0.01798276284639176,0.10685600565034684,0
1024,12,Critical,Critical,WLAN,13.98056447359868,2.905187945026777,0.16100668907165527,0.07869482040405273,0.050007800000000005,0.014697741985844573,0.14340036238989728,0
1024,20,Idle,Idle,LAN,61.54240607206988,64.79096185848478,0.22829341888427734,0.08614540100097656,0.0100039,0.01960429770807682,0.11575359870905338,0
1024,20,Idle,Idle,WLAN,59.64475745763244,53.98932190899044,0.22870874404907227,0.0863037109375,0.050007,0.018956606710973448,0.15526731764847346,0
1024,20,Idle,Medium,LAN,75.29652147857266,35.86530133366377,0.22837281227111816,0.09485507011413574,0.0100039,0.01403875704197284,0.11889772715610858,0
1024,20,Idle,Medium,WLAN,66.00981600380543,38.27951963569342,0.23023366928100586,0.08587121963500977,0.050007800000000005,0.006538404249040221,0.14241742388405,0
1024,20,Idle,Critical,LAN,68.06153470950338,3.1129401285870273,0.2282724380493164,0.0858759880065918,0.0100038,0.01529566563904719,0.111175453645639,0
1024,20,Idle,Critical,WLAN,53.86567982891154,8.621412878827764,0.22758126258850098,0.09510612487792969,0.050007800000000005,0.019726063953732935,0.16483998883166262,0
1024,20,Medium,Idle,LAN,37.90920265257166,69.48057932984106,0.22745084762573242,0.08502435684204102,0.0100039,0.006831906158623497,0.10186016300066451,0
1024,20,Medium,Idle,WLAN,45.73973017502931,68.0044374619858,0.22859573364257812,0.08582067489624023,0.050007800000000005,0.01690808456419505,0.15273655946043527,0
1024,20,Medium,Medium,LAN,39.73544975638991,49.36196299017898,0.22793173789978027,0.09318780899047852,0.0100039,0.01924282905660701,0.12243453804708553,0
1024,20,Medium,Medium,WLAN,37.93211400190448,44.66052050705859,0.22711420059204102,0.08629846572875977,0.050007800000000005,0.01617494138745754,0.1524812071162173,0
1024,20,Medium,Critical,LAN,37.23234044885487,14.962768788469896,0.22680234909057617,0.08489656448364258,0.0100039,0.007136862942335825,0.1020373274259784,0
1024,20,Medium,Critical,WLAN,40.330536918256,8.048306395918395,0.22830963134765625,0.0926976203918457,0.050007600000000006,0.014666351769799853,0.15737157216164557,0
1024,20,Critical,Idle,LAN,17.5869253485384,66.23876931251253,0.22677087783813477,0.08527803421020508,0.0100039,0.01644214632986489,0.11172408054006996,0
1024,20,Critical,Idle,WLAN,7.744524635653136,75.99733701864128,0.2284393310546875,0.08519911766052246,0.050007800000000005,0.008828015385183527,0.14403493304570597,0
1024,20,Critical,Medium,LAN,15.672025912046267,37.20081811238698,0.22771978378295898,0.09513258934020996,0.0100039,0.007389710143666808,0.11252619948387677,0
1024,20,Critical,Medium,WLAN,19.958009236616924,39.024485880425516,0.22744154930114746,0.08528661727905273,0.050007800000000005,0.015992521605490737,0.15128693888454348,0
1024,20,Critical,Critical,LAN,19.535759582291792,2.0732561720074894,0.2273092269897461,0.08597826957702637,0.0100039,0.014141858504921768,0.11012402808194813,0
1024,20,Critical,Critical,WLAN,15.058235421441637,10.083872591345136,0.2375938892364502,0.08602380752563477,0.050007800000000005,0.014076698956429576,0.15010830648206433,0
1024,30,Idle,Idle,LAN,74.35094673371219,68.85494302169542,0.3135051727294922,0.0938103199005127,0.0100038,0.008063859600589031,0.11187797950110173,0
1024,30,Idle,Idle,WLAN,73.06852980756574,58.40724067562186,0.31200242042541504,0.10182070732116699,0.050007800000000005,0.006931103954331419,0.1587596112754984,0
1024,30,Idle,Medium,LAN,72.55896621979663,45.871917103595564,0.3147754669189453,0.0950169563293457,0.0100038,0.013503700222507919,0.11852445655185363,0
1024,30,Idle,Medium,WLAN,79.62132419850448,45.49663963425358,0.3139824867248535,0.1000514030456543,0.050007600000000006,0.019612541666296585,0.1696715447119509,0
1024,30,Idle,Critical,LAN,57.99796032121704,15.609256066338979,0.31243324279785156,0.0948936939239502,0.0100038,0.006866085935281653,0.11176357985923185,0
1024,30,Idle,Critical,WLAN,66.77089627886548,1.902351918090257,0.3129918575286865,0.0994570255279541,0.050007600000000006,0.013983017863825817,0.16344764339177992,0
1024,30,Medium,Idle,LAN,46.93792475817563,59.79837903889065,0.31354761123657227,0.09529852867126465,0.0100039,0.01945606502577292,0.12475849369703756,0
1024,30,Medium,Idle,WLAN,23.644609411462376,53.43771966093197,0.3121373653411865,0.09483551979064941,0.050007800000000005,0.009790979747032032,0.15463429953768143,0
1024,30,Medium,Medium,LAN,42.85174263689905,48.64342618368463,0.3208177089691162,0.09519314765930176,0.0100039,0.006877477627821043,0.11207452528712279,0
1024,30,Medium,Medium,WLAN,36.824239991273146,31.866520534529528,0.31250882148742676,0.0933837890625,0.050007,0.010316447134332364,0.15370723619683235,0
1024,30,Medium,Critical,LAN,33.321111058395886,7.510806541172581,0.31793689727783203,0.09510993957519531,0.0100039,0.01758278275311675,0.12269662232831206,0
1024,30,Medium,Critical,WLAN,28.960958793641417,4.661758995953351,0.3131866455078125,0.09329700469970703,0.050007800000000005,0.012332172406720906,0.15563697710642793,0
1024,30,Critical,Idle,LAN,0.9383926779401386,71.44414622536398,0.31938910484313965,0.09394407272338867,0.0100039,0.00814003174226536,0.11208800446565403,0
1024,30,Critical,Idle,WLAN,6.423727350018762,51.22779825554004,0.3116731643676758,0.09401249885559082,0.050007800000000005,0.011365140201295955,0.15538543905688676,0
1024,30,Critical,Medium,LAN,10.067971984394248,22.729895313624418,0.31991124153137207,0.09358429908752441,0.0100039,0.019958337595099473,0.12354653668262389,0
1024,30,Critical,Medium,WLAN,15.460301227802645,30.436312205236455,0.31219053268432617,0.09234356880187988,0.050007800000000005,0.01986473984701285,0.16221610864889272,0
1024,30,Critical,Critical,LAN,18.926173637753866,4.7625012350747635,0.31073856353759766,0.10131502151489258,0.0100039,0.01642715144859369,0.12774607296348628,0
1024,30,Critical,Critical,WLAN,6.019101621047507,18.44461849108274,0.31449151039123535,0.09503865242004395,0.050007800000000005,0.00927890246005448,0.1543253548800984,0
1024,50,Idle,Idle,LAN,52.99605315707692,73.46274829592073,0.4897928237915039,0.11112403869628906,0.0100039,0.010164851187225255,0.1312927898835143,0
1024,50,Idle,Idle,WLAN,75.6660557577465,68.42040947649684,0.4864499568939209,0.11449241638183594,0.050007800000000005,0.005382125215130166,0.1698823415969661,0
1024,50,Idle,Medium,LAN,64.73302055472172,32.42849604007447,0.48329591751098633,0.11062121391296387,0.0100039,0.01907529156454017,0.13970040547750404,0
1024,50,Idle,Medium,WLAN,63.30671388370677,25.799369941627074,0.49073243141174316,0.1106119155883789,0.050007600000000006,0.015792869752710714,0.17641238534108963,0
1024,50,Idle,Critical,LAN,56.686078324441986,1.1138394976123633,0.4832165241241455,0.11615991592407227,0.0100039,0.017424114893166517,0.1435879308172388,0
1024,50,Idle,Critical,WLAN,53.47707304623071,1.4788494557304466,0.48334550857543945,0.10994601249694824,0.050007800000000005,0.012448619497096441,0.17240243199404467,0
1024,50,Medium,Idle,LAN,26.146277006511568,64.86088457961412,0.4834892749786377,0.1123208999633789,0.0100038,0.01907176818003502,0.14139646814341394,0
1024,50,Medium,Idle,WLAN,33.743081700299605,51.57161012508213,0.4882621765136719,0.11036324501037598,0.050007800000000005,0.012917586249985579,0.17328863126036154,0
1024,50,Medium,Medium,LAN,49.094994620232825,21.766011626106227,0.4826192855834961,0.11475372314453125,0.0100039,0.01417383731782123,0.13893146046235247,0
1024,50,Medium,Medium,WLAN,42.13247866706325,38.19902371288927,0.4841585159301758,0.10986185073852539,0.050007800000000005,0.008643847848352626,0.168513498586878,0
1024,50,Medium,Critical,LAN,37.51238755084641,12.011387184824763,0.48898887634277344,0.11073136329650879,0.0100039,0.009957618251454876,0.13069288154796366,0
1024,50,Medium,Critical,WLAN,42.689203973238904,11.189860910990404,0.48418712615966797,0.11450505256652832,0.050007800000000005,0.0074701226854693385,0.17198297525199766,0
1024,50,Critical,Idle,LAN,12.890668021475545,56.78120692692326,0.48447418212890625,0.11512279510498047,0.0100039,0.011489932985784206,0.1366166280907647,0
1024,50,Critical,Idle,WLAN,6.162731798507711,63.43197450761969,0.6482913494110107,0.11169147491455078,0.050007800000000005,0.012427964482780142,0.1741272393973309,0
1024,50,Critical,Medium,LAN,15.42132596481363,41.00806520491082,0.4847114086151123,0.11207342147827148,0.0100039,0.017237583844358875,0.13931490532263036,0
1024,50,Critical,Medium,WLAN,2.348780756032951,46.10528019992005,0.4860036373138428,0.11573243141174316,0.050007800000000005,0.012037859043252198,0.17777809045499535,0
1024,50,Critical,Critical,LAN,14.766802258090681,3.2823850967460944,0.48546266555786133,0.11359477043151855,0.0100039,0.01685766776627823,0.1404563381977968,0
1024,50,Critical,Critical,WLAN,17.622861020094764,6.238579955735086,0.49030470848083496,0.11190605163574219,0.050007800000000005,0.017639754981467182,0.17955360661720937,0
1024,100,Idle,Idle,LAN,66.08975602585923,76.65064918138256,0.9294254779815674,0.15559911727905273,0.0100039,0.013183633678449595,0.17878665095750235,0
1024,100,Idle,Idle,WLAN,56.706037717861484,51.86280431299331,0.9300155639648438,0.15732097625732422,0.050007800000000005,0.010126168977102319,0.21745494523442652,0
1024,100,Idle,Medium,LAN,67.99306469058108,34.721125041558395,0.9237575531005859,0.16137480735778809,0.0100039,0.012855911382129229,0.1842346187399173,0
1024,100,Idle,Medium,WLAN,54.540639666915666,43.48753175432444,0.9275271892547607,0.15488934516906738,0.050007800000000005,0.0156530170550609,0.22055016222412827,0
1024,100,Idle,Critical,LAN,64.3031856354527,2.0762030167957146,0.9269821643829346,0.1567826271057129,0.0100038,0.009010009822540719,0.1757964369282536,0
1024,100,Idle,Critical,WLAN,58.3222507480128,4.087739613030987,0.9249584674835205,0.1598968505859375,0.050007600000000006,0.013370813589288474,0.22327526417522597,0
1024,100,Medium,Idle,LAN,33.730815279804894,63.24757853549307,0.9327867031097412,0.15448331832885742,0.0100039,0.01116151107275904,0.17564872940161647,0
1024,100,Medium,Idle,WLAN,47.797348647796696,51.55432734371655,0.9288716316223145,0.1580672264099121,0.050007600000000006,0.016841823276208527,0.22491664968612066,0
1024,100,Medium,Medium,LAN,21.62494328552069,36.2605810239749,0.9257218837738037,0.15945720672607422,0.0100039,0.013507712934624178,0.18296881966069842,0
1024,100,Medium,Medium,WLAN,25.10482383400035,25.99089650958145,0.9303116798400879,0.15465521812438965,0.050007800000000005,0.008144075134385479,0.21280709325877512,0
1024,100,Medium,Critical,LAN,49.2744492084694,10.100243990021875,0.9292998313903809,0.15547442436218262,0.0100039,0.018186407181619933,0.18366473154380256,0
1024,100,Medium,Critical,WLAN,45.501084681441526,9.833016133977184,0.9230787754058838,0.15760231018066406,0.050007800000000005,0.011207081456029621,0.21881719163669366,0
1024,100,Critical,Idle,LAN,5.004639875431176,70.24903646617676,1.0946979522705078,0.15402865409851074,0.0100039,0.017156248267841546,0.1811888023663523,0
1024,100,Critical,Idle,WLAN,0.7556664698663007,51.22844052347313,0.9293360710144043,0.15708565711975098,0.050007800000000005,0.008954358132777885,0.21604781525252886,0
1024,100,Critical,Medium,LAN,14.357442156472736,40.38013507374769,0.9242486953735352,0.16011667251586914,0.0100039,0.017213027937451348,0.1873336004533205,0
1024,100,Critical,Medium,WLAN,13.330252336130542,22.742814153797568,0.9261772632598877,0.15478277206420898,0.050007800000000005,0.008407338957250675,0.21319791102145966,0
1024,100,Critical,Critical,LAN,7.81074820879838,12.437368893660361,0.928858757019043,0.15650534629821777,0.0100039,0.013216061424688376,0.17972530772290615,0
1024,100,Critical,Critical,WLAN,18.68770611797182,5.570763630433282,0.9242420196533203,0.15767955780029297,0.050007800000000005,0.007853186802593011,0.21554054460288596,0
1024,250,Idle,Idle,LAN,58.71511989192984,53.782933876591294,2.297600507736206,0.28943967819213867,0.0100039,0.005683794995942435,0.30512737318808114,0
1024,250,Idle,Idle,WLAN,62.35266980258839,57.173912553598356,2.2996134757995605,0.28905630111694336,0.050007800000000005,0.01875882655717415,0.3578229276741175,0
1024,250,Idle,Medium,LAN,51.66143540046413,46.30025591606759,2.294677734375,0.28629231452941895,0.0100039,0.013397279097185844,0.3096934936266048,0
1024,250,Idle,Medium,WLAN,64.93744043024304,44.31424882811305,2.2935380935668945,0.47046399116516113,0.050007800000000005,0.015020186849268442,0.5354919780144296,0
1024,250,Idle,Critical,LAN,72.60964379626917,19.425061615230568,2.2855725288391113,0.29137730598449707,0.0100039,0.017728028241164175,0.31910923422566123,0
1024,250,Idle,Critical,WLAN,55.309281318919496,5.68231452660034,2.296191930770874,0.28836822509765625,0.050007800000000005,0.008337372523975572,0.34671339762163184,0
1024,250,Medium,Idle,LAN,41.140697058503925,74.29455340703475,2.2992312908172607,0.2839694023132324,0.0100038,0.009057229122756593,0.303030431435989,0
1024,250,Medium,Idle,WLAN,27.1426021385186,60.050425328057955,2.2982966899871826,0.28706884384155273,0.050007800000000005,0.008723583544514666,0.3458002273860674,0
1024,250,Medium,Medium,LAN,28.51230705299158,25.42033969244889,2.3015568256378174,0.2872128486633301,0.0100038,0.008556503804017134,0.3057731524673472,0
1024,250,Medium,Medium,WLAN,22.759255007788322,32.055951336258175,2.300973892211914,0.28635168075561523,0.050007800000000005,0.005705102136926276,0.3420645828925415,0
1024,250,Medium,Critical,LAN,36.61800126248193,9.572508462398146,2.4775986671447754,0.29264378547668457,0.0100039,0.017562026521293267,0.3202097119979779,0
1024,250,Medium,Critical,WLAN,30.495477122022137,7.19639635982273,2.2908594608306885,0.29180026054382324,0.050007800000000005,0.01918701102854351,0.36099507157236677,0
1024,250,Critical,Idle,LAN,16.884265022748377,51.04341539311851,2.2979674339294434,0.2907087802886963,0.0100038,0.014225579724274327,0.31493816001297065,0
1024,250,Critical,Idle,WLAN,7.251710043279016,72.9307413894661,2.299440622329712,0.2890033721923828,0.050007600000000006,0.010682781135541726,0.3496937533279245,0
1024,250,Critical,Medium,LAN,5.9197947958357595,37.950278334929706,2.310281991958618,0.28705430030822754,0.0100039,0.008216416289945877,0.30527461659817345,0
1024,250,Critical,Medium,WLAN,19.26470310282625,34.67827786826318,2.29742693901062,0.2891242504119873,0.050007600000000006,0.01317675710731802,0.3523086075193053,0
1024,250,Critical,Critical,LAN,3.6448326646112594,8.428594425423686,2.4841549396514893,0.2945067882537842,0.0100038,0.009753301593903953,0.31426388984768816,0
1024,250,Critical,Critical,WLAN,10.972149177326038,9.012060650834016,2.291729688644409,0.2933816909790039,0.050007600000000006,0.012684230543886128,0.35607352152289,0
1024,500,Idle,Idle,LAN,58.17580152677494,77.16859500855443,4.732317209243774,0.5205826759338379,0.0100038,0.007346655404470303,0.5379331313383082,0
1024,500,Idle,Idle,WLAN,54.34486383327065,58.80765253414093,4.73605489730835,0.5238981246948242,0.050007600000000006,0.009391025556610805,0.583296750251435,0
1024,500,Idle,Medium,LAN,65.99281633799964,32.21569987340599,4.743996620178223,0.7252085208892822,0.0100038,0.012617211785908614,0.7478295326751908,0
1024,500,Idle,Medium,WLAN,74.5199410466231,44.73982368262888,4.729564428329468,0.5206873416900635,0.050007600000000006,0.012257952016688889,0.5829528937067524,0
1024,500,Idle,Critical,LAN,65.83712347609129,6.130729713065259,4.746005535125732,0.5212550163269043,0.0100038,0.013958547396228208,0.5452173637231326,0
1024,500,Idle,Critical,WLAN,52.09293688268485,8.51708533769471,4.73214864730835,0.5217914581298828,0.050007600000000006,0.01290113254368161,0.5847001906735645,0
1024,500,Medium,Idle,LAN,28.273655051325235,73.31267776809842,4.726286888122559,0.7359499931335449,0.0100038,0.010491746324848788,0.7564455394583938,0
1024,500,Medium,Idle,WLAN,48.58878447970767,53.07913382104411,4.7294111251831055,0.5264632701873779,0.050007600000000006,0.0050460875306895196,0.5815169577180674,0
1024,500,Medium,Medium,LAN,31.799419097870604,42.95011253572815,4.725292682647705,0.5273854732513428,0.0100038,0.017122192672826816,0.5545114659241696,0
1024,500,Medium,Medium,WLAN,41.679860870334714,29.241095202256787,4.731386423110962,0.5254764556884766,0.050007600000000006,0.005336143290849915,0.5808201989793265,0
1024,500,Medium,Critical,LAN,39.76044515652862,8.311261448901252,4.9525487422943115,0.5230402946472168,0.0100038,0.01713588957054964,0.5501799842177665,0
1024,500,Medium,Critical,WLAN,41.96181596835953,13.531259630920378,4.744711399078369,0.5189955234527588,0.050007600000000006,0.009325849165606713,0.5783289726183656,0
1024,500,Critical,Idle,LAN,12.920675001438337,78.98548174728548,4.730508089065552,0.5225768089294434,0.0100038,0.01496337354996526,0.5475439824794086,0
1024,500,Critical,Idle,WLAN,3.6158474529855256,66.51513131225126,4.73028564453125,0.7380571365356445,0.050007600000000006,0.00563526420479358,0.7937000007404381,0
1024,500,Critical,Medium,LAN,1.6794437049057875,38.24490066571824,4.7265448570251465,0.5291304588317871,0.0100038,0.0068405440681956284,0.5459748028999828,0
1024,500,Critical,Medium,WLAN,15.4888590404682,22.649961757509978,4.723011493682861,0.5298421382904053,0.050007600000000006,0.0074942788011007925,0.5873440170915061,0
1024,500,Critical,Critical,LAN,11.16807222214014,5.806105305380543,4.721317768096924,0.5226078033447266,0.0100038,0.018299323900039192,0.5509109272447658,0
1024,500,Critical,Critical,WLAN,17.501256470773622,1.164223860054201,4.9593493938446045,0.5244560241699219,0.050007600000000006,0.01079717043785219,0.5852607946077741,0
10240,2,Idle,Idle,LAN,51.91168535727848,71.87432390902775,0.07626962661743164,0.07187843322753906,0.0100039,0.015255969222759683,0.09713830245029874,0
10240,2,Idle,Idle,WLAN,77.72534838621831,79.81377187359321,0.07697439193725586,0.0708913803100586,0.050007600000000006,0.006833202940142444,0.12773218325020105,0
10240,2,Idle,Medium,LAN,61.476444308949084,37.95257203807776,0.07608532905578613,0.06979870796203613,0.0100039,0.018104012828462114,0.09790662079049825,0
10240,2,Idle,Medium,WLAN,67.61570288543567,45.61388386592675,0.07647848129272461,0.08211946487426758,0.050007800000000005,0.017282061456099267,0.14940932633036683,0
10240,2,Idle,Critical,LAN,62.08618803390325,8.992469927999373,0.07808423042297363,0.06870913505554199,0.0100039,0.0054074973918356575,0.08412053244737765,0
10240,2,Idle,Critical,WLAN,74.07169476336149,12.304704114593488,0.07701349258422852,0.07191991806030273,0.050007800000000005,0.01348941628155629,0.13541713434185904,0
10240,2,Medium,Idle,LAN,22.512264149894467,61.055174053274,0.07846379280090332,0.07023429870605469,0.0100039,0.0063330469149658055,0.08657124562102049,0
10240,2,Medium,Idle,WLAN,25.221312957964685,73.21320255110265,0.07642006874084473,0.07188153266906738,0.050007800000000005,0.017616300106606607,0.139505632775674,0
10240,2,Medium,Medium,LAN,26.93682787025149,39.96447803414486,0.07710099220275879,0.0704963207244873,0.0100038,0.015548861728568498,0.0960489824530558,0
10240,2,Medium,Medium,WLAN,27.22246857754031,33.6166029130531,0.07802009582519531,0.07024312019348145,0.050007800000000005,0.019142549138925682,0.13939346933240712,0
10240,2,Medium,Critical,LAN,49.58411925338628,0.2916069912986674,0.07657933235168457,0.07097840309143066,0.0100039,0.011484289302059003,0.09246659239348966,0
10240,2,Medium,Critical,WLAN,29.426527293283414,16.724119173096057,0.08799481391906738,0.07015609741210938,0.050007800000000005,0.018870924158596217,0.1390348215707056,0
10240,2,Critical,Idle,LAN,4.394065700056398,61.811203645075665,0.07676124572753906,0.0711662769317627,0.0100038,0.010066769243152775,0.09123684617491548,0
10240,2,Critical,Idle,WLAN,0.3669431972570103,69.30560303455013,0.0785517692565918,0.07107877731323242,0.050007800000000005,0.008082237687647618,0.12916881500088004,0
10240,2,Critical,Medium,LAN,14.28610003904897,21.242541972728702,0.0775613784790039,0.06885719299316406,0.0100039,0.00569608425151627,0.08455717724468033,0
10240,2,Critical,Medium,WLAN,18.202184343127815,36.37960987333184,0.07623982429504395,0.07183313369750977,0.050007800000000005,0.017810547212107952,0.1396514809096177,0
10240,2,Critical,Critical,LAN,2.6065248133499908,10.580804754009954,0.07780909538269043,0.06945514678955078,0.0100039,0.016334894963967547,0.09579394175351832,0
10240,2,Critical,Critical,WLAN,19.241835291778976,17.33765223042894,0.07639551162719727,0.07134246826171875,0.050007800000000005,0.007911163696082912,0.12926143195780165,0
10240,4,Idle,Idle,LAN,51.56956577759889,51.52672401871374,0.09379696846008301,0.08436870574951172,0.0100039,0.008031126129274896,0.10240373187878661,0
10240,4,Idle,Idle,WLAN,54.38238623629809,72.18620946994865,0.09478902816772461,0.07018375396728516,0.050007800000000005,0.006581823323036966,0.12677337729032212,0
10240,4,Idle,Medium,LAN,67.63395859444282,21.72524518193694,0.09346175193786621,0.0708169937133789,0.0100038,0.010091517416007913,0.09091231112938683,0
10240,4,Idle,Medium,WLAN,53.978012460754165,40.94256536615612,0.09354376792907715,0.07285451889038086,0.050007800000000005,0.01830821368348485,0.14117053257386572,0
10240,4,Idle,Critical,LAN,56.496753131045885,1.9612825863670813,0.09396481513977051,0.07330894470214844,0.0100039,0.006175096930222361,0.0894879416323708,0
10240,4,Idle,Critical,WLAN,63.64971283669572,9.303295678121103,0.0953223705291748,0.07306265830993652,0.050007800000000005,0.018720715592593397,0.14179117390252993,0
10240,4,Medium,Idle,LAN,23.23798130412741,78.3565657064265,0.09457111358642578,0.07282829284667969,0.0100039,0.014942928801299674,0.09777512164797936,0
10240,4,Medium,Idle,WLAN,35.48738904160891,60.520797855444485,0.10515880584716797,0.0704493522644043,0.050007600000000006,0.00712331906218739,0.1275802713265917,0
10240,4,Medium,Medium,LAN,24.444467067592605,35.723757719204954,0.0944526195526123,0.07143092155456543,0.0100039,0.019114655048600902,0.10054947660316632,0
10240,4,Medium,Medium,WLAN,45.75881201479466,46.823194359499794,0.09288501739501953,0.07352519035339355,0.050007800000000005,0.007827484095446233,0.1313604744488398,0
10240,4,Medium,Critical,LAN,30.417098442668824,14.582688080003305,0.09296011924743652,0.07301068305969238,0.0100039,0.006272143671387685,0.08928672673108007,0
10240,4,Medium,Critical,WLAN,28.064424616049745,12.665786907394692,0.0940561294555664,0.07184290885925293,0.050007800000000005,0.015654577690011894,0.13750528654926483,0
10240,4,Critical,Idle,LAN,10.457486230610202,79.78404097158236,0.09572100639343262,0.07191276550292969,0.0100039,0.017870116590894086,0.09978678209382377,0
10240,4,Critical,Idle,WLAN,13.032152644121462,74.9249316777989,0.09591221809387207,0.07168388366699219,0.050007800000000005,0.018356939531296516,0.1400486231982887,0
10240,4,Critical,Medium,LAN,4.649596549690376,27.19783580458275,0.09482145309448242,0.07072043418884277,0.0100039,0.018728866075869342,0.0994532002647121,0
10240,4,Critical,Medium,WLAN,0.8796881490527486,33.580646142959,0.09236598014831543,0.07210636138916016,0.050007800000000005,0.01827472741433352,0.14038888880349368,0
10240,4,Critical,Critical,LAN,17.45305558169706,12.577390846186123,0.0930330753326416,0.07323384284973145,0.0100039,0.006449437805813328,0.08968718065554476,0
10240,4,Critical,Critical,WLAN,19.541096798604155,18.19574350748274,0.09565496444702148,0.0735008716583252,0.050007600000000006,0.012102927652786068,0.13561139931111127,0
10240,5,Idle,Idle,LAN,77.23111983529637,70.56083875704903,0.10235881805419922,0.07404232025146484,0.0100039,0.017291700805432905,0.10133792105689775,1
10240,5,Idle,Idle,WLAN,60.282108279316816,79.20169626144826,0.10374903678894043,0.07380270957946777,0.050007800000000005,0.009552671969506061,0.13336318154897384,0
10240,5,Idle,Medium,LAN,67.49128379291506,39.887230529368225,0.11453700065612793,0.07396197319030762,0.0100039,0.0123085035020358,0.09627437669234341,1
10240,5,Idle,Medium,WLAN,66.7268297306599,28.44824494142945,0.10329747200012207,0.07406282424926758,0.050007800000000005,0.012056936592677935,0.13612756084194552,1
10240,5,Idle,Critical,LAN,77.99535567514437,1.900831933126328,0.10236859321594238,0.07394862174987793,0.0100039,0.006794648157580744,0.09074716990745867,1
10240,5,Idle,Critical,WLAN,62.8006896782977,8.337254511184884,0.10206079483032227,0.07219839096069336,0.050007800000000005,0.018454119401523326,0.14066031036221668,1
10240,5,Medium,Idle,LAN,41.97064466938339,58.976582806029015,0.10258793830871582,0.07370519638061523,0.0100039,0.009546935460970213,0.09325603184158544,0
10240,5,Medium,Idle,WLAN,31.30099705390666,67.43526961586687,0.1019139289855957,0.07389163970947266,0.050007800000000005,0.015869909920454256,0.13976934962992693,1
10240,5,Medium,Medium,LAN,35.7444383115545,31.33965498256017,0.1194150447845459,0.07335233688354492,0.0100039,0.019142323616209704,0.10249856049975462,1
10240,5,Medium,Medium,WLAN,21.51598724183963,42.83130234751661,0.10359001159667969,0.07330727577209473,0.050007800000000005,0.011172714943609462,0.1344877907157042,1
10240,5,Medium,Critical,LAN,45.65585889052376,6.952822496318081,0.10381174087524414,0.07342529296875,0.0100036,0.014943675481979554,0.09837256845072956,1
10240,5,Medium,Critical,WLAN,40.282111798633935,7.514349270763447,0.10405206680297852,0.07340741157531738,0.050007800000000005,0.018064871508055542,0.14148008308337293,1
10240,5,Critical,Idle,LAN,6.832072592338485,58.26087620503886,0.10343694686889648,0.07313704490661621,0.0100039,0.007126772664561633,0.09026771757117784,1
10240,5,Critical,Idle,WLAN,15.169303289681974,63.314914182445975,0.10265707969665527,0.07335162162780762,0.050007800000000005,0.007769048853997318,0.13112847048180493,1
10240,5,Critical,Medium,LAN,9.398001399806411,49.32420520949299,0.11463713645935059,0.07308030128479004,0.0100039,0.005304121316245015,0.08838832260103505,1
10240,5,Critical,Medium,WLAN,2.3441343732131203,30.694959465419466,0.10376930236816406,0.07244706153869629,0.050007800000000005,0.018505707387660778,0.14096056892635708,1
10240,5,Critical,Critical,LAN,15.552541921178245,9.23764328649165,0.10387730598449707,0.07370972633361816,0.0100039,0.018236051048508492,0.10194967738212665,1
10240,5,Critical,Critical,WLAN,2.372224689359481,2.4637134376598335,0.10349726676940918,0.07458281517028809,0.050007800000000005,0.01098388245714211,0.1355744976274302,1
10240,9,Idle,Idle,LAN,71.27775220283961,59.39407937703728,0.1368403434753418,0.07715535163879395,0.0100039,0.0140388426978014,0.10119809433659534,0
10240,9,Idle,Idle,WLAN,64.45528749642867,63.701869800984404,0.13584041595458984,0.08788061141967773,0.050007800000000005,0.016426020265381445,0.15431443168505918,0
10240,9,Idle,Medium,LAN,69.84406685272326,30.805129145171716,0.1351025104522705,0.07614803314208984,0.0100039,0.01731707063525023,0.10346900377734007,1
10240,9,Idle,Medium,WLAN,63.17956786947524,36.51743875891263,0.1359996795654297,0.07601284980773926,0.050007800000000005,0.006881762402407265,0.1329024122101465,1
10240,9,Idle,Critical,LAN,61.430574594334885,18.968733520122868,0.13576269149780273,0.07674503326416016,0.0100039,0.005219545959435966,0.09196847922359612,1
10240,9,Idle,Critical,WLAN,69.21423561946746,1.4357813540674025,0.13538026809692383,0.07677483558654785,0.050007800000000005,0.019313211164347824,0.14609584675089565,1
10240,9,Medium,Idle,LAN,27.430474215722306,71.02876240523364,0.14615416526794434,0.07632875442504883,0.0100039,0.018464156090882217,0.10479681051593104,1
10240,9,Medium,Idle,WLAN,22.20501018490639,60.88876981672966,0.13622570037841797,0.07605123519897461,0.050007800000000005,0.007062466822809258,0.13312150202178386,1
10240,9,Medium,Medium,LAN,39.30339280403024,25.816725073527373,0.13607096672058105,0.07671475410461426,0.0100039,0.01865238513936669,0.10537103924398095,1
10240,9,Medium,Medium,WLAN,41.76664444878271,45.13195323782509,0.13685393333435059,0.07683849334716797,0.050007800000000005,0.008577778663545912,0.13542407201071388,0
10240,9,Medium,Critical,LAN,28.49672267715148,17.482595382648725,0.13604950904846191,0.07548046112060547,0.0100039,0.013546776425802144,0.0990311375464076,1
10240,9,Medium,Critical,WLAN,37.141217753688096,8.131735749848135,0.1363213062286377,0.07635283470153809,0.050007800000000005,0.010694870926410747,0.13705550562794883,1
10240,9,Critical,Idle,LAN,14.383502932398128,67.00231847450239,0.13588929176330566,0.07605838775634766,0.0100039,0.01846451556918631,0.10452680332553396,1
10240,9,Critical,Idle,WLAN,14.274162776030794,70.01103412342712,0.13537001609802246,0.07632851600646973,0.050007800000000005,0.01845926985920607,0.14479558586567579,1
10240,9,Critical,Medium,LAN,7.0128227468377125,37.388906794485706,0.13481998443603516,0.07643985748291016,0.0100039,0.009292516762563463,0.09573627424547361,1
10240,9,Critical,Medium,WLAN,18.762741138859248,31.978749344700425,0.13557004928588867,0.08810639381408691,0.050007800000000005,0.01670220202894219,0.1548163958430291,1
10240,9,Critical,Critical,LAN,8.665276007833672,0.10993051322528702,0.136688232421875,0.07698273658752441,0.0100039,0.015608096051143012,0.10259473263866742,1
10240,9,Critical,Critical,WLAN,5.397242783337067,0.05000813360513945,0.13578295707702637,0.07706832885742188,0.050007800000000005,0.013559718004223502,0.14063584686164537,1
10240,12,Idle,Idle,LAN,76.00518242866545,67.57463420351282,0.16219520568847656,0.07818865776062012,0.0100039,0.014549560925189515,0.10274211868580962,1
10240,12,Idle,Idle,WLAN,51.71289800042576,71.77760751373964,0.16274380683898926,0.0794825553894043,0.050007600000000006,0.010538159214067701,0.140028314603472,0
10240,12,Idle,Medium,LAN,64.81340635204769,32.80961988692654,0.16182446479797363,0.07886099815368652,0.0100039,0.007525867635914531,0.09639076578960105,1
10240,12,Idle,Medium,WLAN,57.52127676381203,38.78136371049385,0.1601095199584961,0.07808065414428711,0.050007800000000005,0.006839411280686875,0.13492786542497398,1
10240,12,Idle,Critical,LAN,76.09784754246995,19.037988114458557,0.16179251670837402,0.07871198654174805,0.0100039,0.016220943400441324,0.10493682994218936,1
10240,12,Idle,Critical,WLAN,74.19755030925587,14.254327941816312,0.16059184074401855,0.0783529281616211,0.050007600000000006,0.006214730113319625,0.13457525827494074,1
10240,12,Medium,Idle,LAN,47.522350725475455,72.35658721098334,0.1602621078491211,0.07944941520690918,0.0100039,0.009882889799089759,0.09933620500599893,0
10240,12,Medium,Idle,WLAN,25.026631777338427,55.795539990827834,0.16061949729919434,0.07932424545288086,0.050007800000000005,0.016142115916527793,0.14547416136940863,1
10240,12,Medium,Medium,LAN,47.459764808373436,31.801304151336048,0.16189193725585938,0.0782022476196289,0.0100038,0.009500105757199295,0.09770615337682821,1
10240,12,Medium,Medium,WLAN,26.414401696545823,39.480620983278,0.1608586311340332,0.0790705680847168,0.050007600000000006,0.019100634648925155,0.14817880273364198,1
10240,12,Medium,Critical,LAN,31.908361380090128,1.8099878484553233,0.1616051197052002,0.07894396781921387,0.0100039,0.008843816188464998,0.09779168400767886,1
10240,12,Medium,Critical,WLAN,27.595223294234007,16.482098761983494,0.16079258918762207,0.07903194427490234,0.050007800000000005,0.013571881130265633,0.14261162540516797,1
10240,12,Critical,Idle,LAN,3.1714738320831004,52.8962031182231,0.1605684757232666,0.07805061340332031,0.0100039,0.007956501749377105,0.09601101515269742,1
10240,12,Critical,Idle,WLAN,4.036865955636899,78.64439069165398,0.1600348949432373,0.07862997055053711,0.050007800000000005,0.008668759714780339,0.13730653026531744,1
10240,12,Critical,Medium,LAN,10.39482401036687,38.4347641812138,0.16202402114868164,0.0787508487701416,0.0100038,0.019450254658720755,0.10820490342886237,1
10240,12,Critical,Medium,WLAN,9.305131801229095,44.67850151003737,0.16078925132751465,0.07919430732727051,0.050007800000000005,0.012686733237997315,0.14188884056526782,1
10240,12,Critical,Critical,LAN,12.472825366475567,19.314283538285252,0.1613919734954834,0.07868099212646484,0.0100039,0.01389548345201284,0.10258037557847768,1
10240,12,Critical,Critical,WLAN,16.66140719455853,17.756012558884787,0.16098475456237793,0.07937932014465332,0.050007800000000005,0.007125467870876134,0.13651258801552946,1
10240,20,Idle,Idle,LAN,63.85713523092017,75.49525089103656,0.22766757011413574,0.08658719062805176,0.0100039,0.011097999660630069,0.10768909028868182,1
10240,20,Idle,Idle,WLAN,76.8717049176363,54.72134427672813,0.22855615615844727,0.08562707901000977,0.050007800000000005,0.014217372509339344,0.1498522515193491,0
10240,20,Idle,Medium,LAN,79.26302161212445,25.974724969508028,0.227647066116333,0.09226012229919434,0.0100039,0.014148043551271246,0.11641206585046558,1
10240,20,Idle,Medium,WLAN,58.00811102087643,49.32551760326175,0.22930502891540527,0.08643603324890137,0.050007800000000005,0.008116171012226043,0.1445600042611274,0
10240,20,Idle,Critical,LAN,52.98783560932365,12.342528820083817,0.22932720184326172,0.08530306816101074,0.0100039,0.014516005488374544,0.10982297364938529,1
10240,20,Idle,Critical,WLAN,75.32652243520496,0.2917401491297622,0.22590088844299316,0.09545278549194336,0.050007800000000005,0.01874388559113592,0.16420447108307928,1
10240,20,Medium,Idle,LAN,26.4967657896248,69.11646774073705,0.228745698928833,0.08449482917785645,0.0100039,0.019013411001837812,0.11351214017969426,1
10240,20,Medium,Idle,WLAN,31.761629836777544,51.334644509950486,0.22728681564331055,0.08631515502929688,0.050007800000000005,0.01659309325720092,0.1529160482864978,1
10240,20,Medium,Medium,LAN,47.573651291883735,26.553305946872488,0.22538995742797852,0.09521484375,0.0100033,0.011230141944335685,0.11644828569433568,1
10240,20,Medium,Medium,WLAN,31.250384992808925,26.893971335298257,0.22889924049377441,0.08447599411010742,0.050007800000000005,0.01004108269964087,0.1445248768097483,1
10240,20,Medium,Critical,LAN,29.874553676350324,10.823756696334527,0.2293105125427246,0.08659934997558594,0.0100039,0.019554939850784873,0.1161581898263708,1
10240,20,Medium,Critical,WLAN,25.112966611783804,0.07984805728682431,0.22767233848571777,0.09541749954223633,0.050007800000000005,0.015301481325463152,0.16072678086769948,1
10240,20,Critical,Idle,LAN,19.493429757866252,52.89971659868772,0.22667789459228516,0.08466053009033203,0.0100039,0.008124687918512164,0.10278911800884419,1
10240,20,Critical,Idle,WLAN,13.043213027766223,52.53690095926628,0.22800993919372559,0.08437466621398926,0.050007800000000005,0.015816506363553157,0.15019897257754242,1
10240,20,Critical,Medium,LAN,15.442303130130506,31.906140941155577,0.2390739917755127,0.08628678321838379,0.0100039,0.007051340938139661,0.10334202415652345,1
10240,20,Critical,Medium,WLAN,1.2298930895290838,33.1045718731653,0.23078680038452148,0.08560562133789062,0.050007800000000005,0.01951541508964141,0.15512883642753203,1
10240,20,Critical,Critical,LAN,2.0841210634974905,1.9929888457063405,0.227400541305542,0.08542275428771973,0.0100039,0.008587988722170956,0.10401464300989068,1
10240,20,Critical,Critical,WLAN,0.9089769884786558,19.178251329131786,0.4114999771118164,0.08511877059936523,0.050007800000000005,0.00899277861430695,0.14411934921367217,1
10240,30,Idle,Idle,LAN,59.77635160216849,75.71830394391512,0.31218481063842773,0.09390521049499512,0.0100039,0.01140487409132041,0.11531398458631552,0
10240,30,Idle,Idle,WLAN,57.57615033696996,51.44638393689851,0.31214022636413574,0.09983944892883301,0.050007800000000005,0.008753760161010605,0.1586010090898436,0
10240,30,Idle,Medium,LAN,55.5047736431801,32.636524211989226,0.31362366676330566,0.09439611434936523,0.0100039,0.0069054825705748765,0.1113054969199401,1
10240,30,Idle,Medium,WLAN,63.73500079637427,28.263056771610827,0.3126695156097412,0.09924077987670898,0.050007800000000005,0.01117745523621126,0.16042603511292022,1
10240,30,Idle,Critical,LAN,63.74105967785624,14.17014079909076,0.3119339942932129,0.09477591514587402,0.0100039,0.016347076946847578,0.1211268920927216,1
10240,30,Idle,Critical,WLAN,56.09687703180429,19.09466604422497,0.31240177154541016,0.10113930702209473,0.050007800000000005,0.005988247311008641,0.15713535433310336,1
10240,30,Medium,Idle,LAN,21.87726989769122,73.01309736013911,0.3116593360900879,0.09403610229492188,0.0100039,0.01629388563375172,0.12033388792867358,1
10240,30,Medium,Idle,WLAN,34.39838163720226,57.85711193500994,0.3107595443725586,0.09376120567321777,0.050007800000000005,0.010877365890725715,0.15464637156394348,1
10240,30,Medium,Medium,LAN,43.464152664295355,44.085313627384316,0.32011961936950684,0.09424877166748047,0.0100039,0.013723063375791666,0.11797573504327213,0
10240,30,Medium,Medium,WLAN,43.682051428742284,24.461676602457786,0.3115837574005127,0.09437966346740723,0.050007800000000005,0.0173853505212073,0.1617728139886145,1
10240,30,Medium,Critical,LAN,42.980386582843956,8.430953835530845,0.3194711208343506,0.09459066390991211,0.0100039,0.012587737848768342,0.11718230175868044,1
10240,30,Medium,Critical,WLAN,45.054212792229706,12.953513877290897,0.3133397102355957,0.09298920631408691,0.050007800000000005,0.0050118615937309935,0.1480088679078179,1
10240,30,Critical,Idle,LAN,1.5701797684249974,78.8925357598578,0.32044482231140137,0.09327006340026855,0.0100039,0.016801935073490523,0.12007589847375907,1
10240,30,Critical,Idle,WLAN,1.9379442280909065,67.97722494392052,0.31193065643310547,0.09415125846862793,0.050007800000000005,0.007386758247805932,0.15154581671643386,1
10240,30,Critical,Medium,LAN,17.746495452789503,47.61504347100271,0.3186652660369873,0.0951230525970459,0.0100038,0.013120545069418555,0.11824739766646446,1
10240,30,Critical,Medium,WLAN,4.780693232946527,49.92792353153782,0.3125765323638916,0.09281301498413086,0.050007800000000005,0.008580294337109592,0.15140110932124046,1
10240,30,Critical,Critical,LAN,16.098468959724,19.312058993197304,0.3101823329925537,0.10133147239685059,0.0100039,0.016957932478584927,0.1282933048754355,1
10240,30,Critical,Critical,WLAN,16.869689959747312,7.014612650392138,0.3142421245574951,0.09585356712341309,0.050007800000000005,0.005786308687073012,0.15164767581048608,1
10240,50,Idle,Idle,LAN,58.43559938679996,78.4173338506142,0.4919755458831787,0.11159920692443848,0.0100039,0.005993950438125796,0.12759705736256427,0
10240,50,Idle,Idle,WLAN,67.66319670063086,60.6713079224789,0.4843020439147949,0.11456418037414551,0.050007800000000005,0.015883748758545167,0.18045572913269067,1
10240,50,Idle,Medium,LAN,62.372327597131495,42.96582248925877,0.48620080947875977,0.11180996894836426,0.0100039,0.01650096985941767,0.13831483880778192,0
10240,50,Idle,Medium,WLAN,74.03363048971627,49.72982809461844,0.48902392387390137,0.1112058162689209,0.050007600000000006,0.013956666163676253,0.17517008243259716,0
10240,50,Idle,Critical,LAN,55.530956771940154,6.263195336645304,0.4849696159362793,0.11693811416625977,0.0100039,0.01612193839893758,0.14306395256519736,1
10240,50,Idle,Critical,WLAN,76.37122203113444,12.044031143516564,0.48499321937561035,0.1104438304901123,0.050007600000000006,0.008620451824951279,0.1690718823150636,1
10240,50,Medium,Idle,LAN,33.01983233942323,73.10461793133636,0.48320674896240234,0.11070895195007324,0.0100039,0.018084276008559996,0.13879712795863325,1
10240,50,Medium,Idle,WLAN,33.815088739243556,69.93387697610143,0.48827505111694336,0.11007809638977051,0.050007800000000005,0.01879209645799616,0.17887799284776665,1
10240,50,Medium,Medium,LAN,36.09189971800275,41.8737270639768,0.48389124870300293,0.11541175842285156,0.0100039,0.018589055104574245,0.14400471352742583,1
10240,50,Medium,Medium,WLAN,29.602101639500283,38.76944464724549,0.4857778549194336,0.10900473594665527,0.050007800000000005,0.01821734611427063,0.17722988206092588,1
10240,50,Medium,Critical,LAN,28.147535933855874,9.741472170362268,0.48954296112060547,0.1110072135925293,0.0100038,0.016546888651115404,0.1375579022436447,1
10240,50,Medium,Critical,WLAN,44.63965800046393,5.47651053926431,0.48468756675720215,0.11426734924316406,0.050007800000000005,0.008579470539495412,0.17285461978265948,1
10240,50,Critical,Idle,LAN,0.37424679512537695,77.44943684263231,0.48482346534729004,0.11450648307800293,0.0100039,0.013163586798210659,0.13767396987621358,1
10240,50,Critical,Idle,WLAN,4.223686082079368,58.903759712547185,0.4847128391265869,0.11105155944824219,0.050007800000000005,0.012710136912789806,0.17376949636103198,1
10240,50,Critical,Medium,LAN,10.478134339150849,25.970616574722527,0.48821473121643066,0.10853910446166992,0.0100039,0.015155323708819592,0.13369832817048952,1
10240,50,Critical,Medium,WLAN,12.104829925519095,48.47128872343096,0.48424553871154785,0.11588621139526367,0.050007800000000005,0.014717911669054555,0.18061192306431822,1
10240,50,Critical,Critical,LAN,2.6968688387274886,2.7927985107531605,0.48358964920043945,0.11115908622741699,0.0100039,0.015903757080733737,0.13706674330815072,1
10240,50,Critical,Critical,WLAN,3.852866534000632,19.377098371623383,0.48961639404296875,0.11089158058166504,0.050007800000000005,0.01679870562579608,0.1776980862074611,1
10240,100,Idle,Idle,LAN,54.39272272783749,51.90031893221682,1.0961763858795166,0.15489459037780762,0.0100039,0.008103387531540484,0.17300187790934812,0
10240,100,Idle,Idle,WLAN,54.631073463122995,79.35591076259996,0.9288749694824219,0.15831708908081055,0.050007800000000005,0.019986927719242487,0.22831181680005302,0
10240,100,Idle,Medium,LAN,64.67653805592917,42.994016177084816,0.9286832809448242,0.16008329391479492,0.0100039,0.011901885672797157,0.18198907958759208,0
10240,100,Idle,Medium,WLAN,70.29411821375217,25.082448287284738,0.926581621170044,0.15447449684143066,0.050007800000000005,0.008511036894961415,0.21299333373639207,1
10240,100,Idle,Critical,LAN,59.59033843640388,7.766548391148785,0.929959774017334,0.15693974494934082,0.0100039,0.0059298587782069725,0.1728735037275478,1
10240,100,Idle,Critical,WLAN,68.49284111127947,15.247853155395202,0.925187349319458,0.1574711799621582,0.050007600000000006,0.010432803499685932,0.21791158346184414,1
10240,100,Medium,Idle,LAN,22.228853769487756,59.19565463823142,0.9296407699584961,0.15512728691101074,0.0100039,0.014663297410186672,0.17979448432119743,1
10240,100,Medium,Idle,WLAN,44.13699220180876,52.47140936527031,0.9307901859283447,0.1568448543548584,0.050007600000000006,0.013484434755376886,0.2203368891102353,0
10240,100,Medium,Medium,LAN,28.458054992871837,26.718277397043725,0.9254148006439209,0.1586287021636963,0.0100038,0.017729009042349426,0.18636151120604572,1
10240,100,Medium,Medium,WLAN,21.938034420439028,26.758870472778895,0.9293644428253174,0.15319108963012695,0.050007800000000005,0.017594539847721278,0.22079342947784822,1
10240,100,Medium,Critical,LAN,25.58407514849184,13.95484045633782,0.9319288730621338,0.1558232307434082,0.0100038,0.008641114150505138,0.17446814489391335,1
10240,100,Medium,Critical,WLAN,29.736454465480847,12.653077190876644,0.9213836193084717,0.1566469669342041,0.050007600000000006,0.009414268434635702,0.2160688353688398,1
10240,100,Critical,Idle,LAN,13.421622309424333,52.50520711827531,0.9251270294189453,0.1535959243774414,0.0100038,0.010082393687164553,0.17368211806460596,1
10240,100,Critical,Idle,WLAN,11.29219599204793,76.79345805453153,0.9285154342651367,0.1564476490020752,0.050007600000000006,0.011262523258426579,0.2177177722605018,1
10240,100,Critical,Medium,LAN,15.355615148023357,37.36771451001681,0.9223494529724121,0.33271360397338867,0.0100039,0.005533893143812188,0.3482513971172009,1
10240,100,Critical,Medium,WLAN,4.382359333307488,41.136025491860764,0.9295871257781982,0.15549349784851074,0.050007800000000005,0.01989072898333705,0.22539202683184778,1
10240,100,Critical,Critical,LAN,0.41100329358569665,6.951561653818075,0.931760311126709,0.15732359886169434,0.0100039,0.015067007991522018,0.18239450685321637,1
10240,100,Critical,Critical,WLAN,18.46539972357769,19.82918804544832,0.924508810043335,0.15891551971435547,0.050007800000000005,0.008064189393297923,0.21698750910765338,1
10240,250,Idle,Idle,LAN,74.61331263894,65.82061117895617,2.2973594665527344,0.2886240482330322,0.0100038,0.013506961339839151,0.3121348095728714,1
10240,250,Idle,Idle,WLAN,53.12323794050844,66.62313995862561,2.2871339321136475,0.29058194160461426,0.050007800000000005,0.010382582218864986,0.35097232382347926,0
10240,250,Idle,Medium,LAN,68.13225027951653,28.993240629888938,2.2995083332061768,0.28941822052001953,0.0100039,0.017194888067873573,0.3166170085878931,1
10240,250,Idle,Medium,WLAN,65.99405960280112,43.869283192051,2.29952073097229,0.2876293659210205,0.050007600000000006,0.008445035143661319,0.3460820010646818,0
10240,250,Idle,Critical,LAN,65.04725889830314,8.728586651724644,2.2940218448638916,0.48159146308898926,0.0100039,0.01966129107091632,0.5112566541599056,1
10240,250,Idle,Critical,WLAN,64.12301759318063,13.146429227544383,2.2948429584503174,0.2904047966003418,0.050007600000000006,0.00696715843285145,0.34737955503319323,1
10240,250,Medium,Idle,LAN,46.70547071100651,79.75025780268128,2.2965002059936523,0.2843942642211914,0.0100038,0.010362231280497455,0.30476029550168887,0
10240,250,Medium,Idle,WLAN,26.073687176678398,73.04409774845159,2.2974138259887695,0.2875967025756836,0.050007600000000006,0.012215721389368078,0.34982002396505163,1
10240,250,Medium,Medium,LAN,49.34466868171984,47.48832862382598,2.3004891872406006,0.2861456871032715,0.0100038,0.0071040816469988746,0.3032535687502704,0
10240,250,Medium,Medium,WLAN,22.12096364833073,40.92095961016703,2.3038322925567627,0.28754377365112305,0.050007800000000005,0.016093848855304727,0.3536454225064278,1
10240,250,Medium,Critical,LAN,43.71376025467649,2.188524321501215,2.2967586517333984,0.47817063331604004,0.0100039,0.01701411020000035,0.5051886435160404,1
10240,250,Medium,Critical,WLAN,44.68251217873488,2.7668223774579204,2.2946665287017822,0.29256153106689453,0.050007800000000005,0.016065906330456212,0.35863523739735076,1
10240,250,Critical,Idle,LAN,15.60618283287763,51.87854683994015,2.295912027359009,0.29363298416137695,0.0100039,0.012030645441961887,0.3156675296033388,1
10240,250,Critical,Idle,WLAN,9.299141104568742,53.41503307904142,2.300912618637085,0.2904629707336426,0.050007600000000006,0.011241240088798357,0.3517118108224409,1
10240,250,Critical,Medium,LAN,3.988615002434903,40.78857409935176,2.2984230518341064,0.2913227081298828,0.0100038,0.005704083058240236,0.30703059118812304,1
10240,250,Critical,Medium,WLAN,13.109033910937988,42.5231131594777,2.29421329498291,0.28909778594970703,0.050007800000000005,0.01620514689053461,0.3553107328402416,1
10240,250,Critical,Critical,LAN,5.509144161028569,18.758328415617413,2.296773672103882,0.48358798027038574,0.0100039,0.014523622424015552,0.5081155026944013,1
10240,250,Critical,Critical,WLAN,5.529505702741144,15.938183767045686,2.2907826900482178,0.2918846607208252,0.050007600000000006,0.01950428369296289,0.36139654441378805,1
10240,500,Idle,Idle,LAN,70.07582253234467,58.263655104761874,4.7369160652160645,0.522423505783081,0.0100037,0.0056634440589100315,0.5380906498419911,0
10240,500,Idle,Idle,WLAN,75.99830603366388,54.03228933497181,4.743936538696289,0.5225443840026855,0.050007600000000006,0.019643109325871592,0.5921950933285571,0
10240,500,Idle,Medium,LAN,79.54025699258422,44.580342880642725,4.743551254272461,0.7294902801513672,0.0100038,0.00933841070842468,0.7488324908597919,0
10240,500,Idle,Medium,WLAN,62.661757575419585,47.45532621839784,4.71889328956604,0.5285077095031738,0.050007600000000006,0.01460495137209766,0.5931202608752715,0
10240,500,Idle,Critical,LAN,64.90509928481673,13.604943702329269,4.737069129943848,0.5212452411651611,0.0100038,0.01510315778997922,0.5463521989551403,1
10240,500,Idle,Critical,WLAN,78.33847803264511,13.540070588034272,4.736275672912598,0.5206625461578369,0.050007600000000006,0.013594894371569445,0.5842650405294064,1
10240,500,Medium,Idle,LAN,27.086077666553113,70.74377907185973,4.95839786529541,0.529707670211792,0.0100037,0.005476127282707786,0.5451874974944997,1
10240,500,Medium,Idle,WLAN,46.758198520927195,57.46324755990228,4.739794015884399,0.5237109661102295,0.050007600000000006,0.010832265570148318,0.5845508316803778,0
10240,500,Medium,Medium,LAN,31.212455515753703,30.092400533332004,4.736987113952637,0.5237350463867188,0.0100038,0.012672050954471397,0.5464108973411902,1
10240,500,Medium,Medium,WLAN,28.416475006455926,37.606407089100344,4.731083154678345,0.7387497425079346,0.050007600000000006,0.009090192473404979,0.7978475349813396,1
10240,500,Medium,Critical,LAN,38.42872917014584,10.275804335700744,4.72994065284729,0.5279834270477295,0.0100038,0.012418934283965732,0.5504061613316953,1
10240,500,Medium,Critical,WLAN,36.21687359904246,0.23708598717993912,4.728302717208862,0.5273237228393555,0.050007600000000006,0.007621246315730407,0.5849525691550859,1
10240,500,Critical,Idle,LAN,0.3429773555730131,53.14575980849591,4.730678081512451,0.5236160755157471,0.0100038,0.011349264861450124,0.5449691403771972,1
10240,500,Critical,Idle,WLAN,11.519316298592488,58.983043322977146,4.95351505279541,0.5287249088287354,0.050007600000000006,0.01820106120180974,0.5969335700305451,1
10240,500,Critical,Medium,LAN,5.611823402523839,27.530585097962177,4.73323917388916,0.5220894813537598,0.0100038,0.012208950144396182,0.5443022314981559,1
10240,500,Critical,Medium,WLAN,13.596311114115947,28.981109874666174,4.739655494689941,0.5207033157348633,0.050007600000000006,0.014854465937398753,0.5855653816722621,1
10240,500,Critical,Critical,LAN,5.912937577769073,8.555656373437932,4.7297070026397705,0.7396707534790039,0.0100038,0.01995441660070309,0.769628970079707,1
10240,500,Critical,Critical,WLAN,10.483878203681723,6.641833011016399,4.730299234390259,0.5288870334625244,0.050007600000000006,0.017113847679742732,0.5960084811422672,1
102400,2,Idle,Idle,LAN,76.02910174036205,64.91301547974857,0.0768899917602539,0.07318544387817383,0.0100039,0.011138058948565954,0.09432740282673978,0
102400,2,Idle,Idle,WLAN,62.44455403727136,52.550855317283386,0.07677459716796875,0.07072234153747559,0.050007800000000005,0.013843283635690467,0.13457342517316606,0
102400,2,Idle,Medium,LAN,77.07021814063667,45.949162179006926,0.07756900787353516,0.06918096542358398,0.0100039,0.017044671882636503,0.09622953730622048,0
102400,2,Idle,Medium,WLAN,60.232930525410424,27.098391624304387,0.07688236236572266,0.07046890258789062,0.050007800000000005,0.009549880577746847,0.13002658316563748,0
102400,2,Idle,Critical,LAN,53.21895203121127,9.162321056771617,0.07799744606018066,0.07065081596374512,0.0100039,0.006927230357835443,0.08758194632158056,0
102400,2,Idle,Critical,WLAN,72.14673759692734,13.327475264225265,0.07623648643493652,0.07055354118347168,0.050007800000000005,0.01713451669119546,0.13769585787466715,0
102400,2,Medium,Idle,LAN,44.30338535439999,67.96951662485961,0.07838129997253418,0.07021832466125488,0.0100039,0.01303412557227053,0.09325635023352541,0
102400,2,Medium,Idle,WLAN,27.876264120624462,62.45403389530634,0.07647156715393066,0.07106757164001465,0.050007800000000005,0.00962413505952114,0.13069950669953578,0
102400,2,Medium,Medium,LAN,28.17230188506398,46.94992520793373,0.0761258602142334,0.07040810585021973,0.0100039,0.010797135689148004,0.09120914153936772,0
102400,2,Medium,Medium,WLAN,44.37082673135556,46.60378083712986,0.07767176628112793,0.06975150108337402,0.050007800000000005,0.008203631167966435,0.12796293225134048,0
102400,2,Medium,Critical,LAN,27.54488756930653,2.3209887682125974,0.07649636268615723,0.07950663566589355,0.0100039,0.008014707734428066,0.09752524340032162,0
102400,2,Medium,Critical,WLAN,43.96975041763943,11.314783769133063,0.07922744750976562,0.06855463981628418,0.050007800000000005,0.007823881260876967,0.12638632107716116,0
102400,2,Critical,Idle,LAN,11.472374660893639,69.41129960042167,0.07710742950439453,0.07186174392700195,0.0100039,0.010066200020396267,0.09193184394739821,0
102400,2,Critical,Idle,WLAN,5.935939761014124,78.44147837943402,0.07723236083984375,0.07041716575622559,0.050007800000000005,0.011138478065985884,0.13156344382221147,0
102400,2,Critical,Medium,LAN,14.374633201837636,23.819645185036084,0.07591509819030762,0.07073211669921875,0.0100039,0.007200488645968783,0.08793650534518753,0
102400,2,Critical,Medium,WLAN,12.973732008345404,46.39032759650525,0.07868289947509766,0.07084202766418457,0.050007800000000005,0.018885021146995633,0.1397348488111802,0
102400,2,Critical,Critical,LAN,2.281851153453607,5.7611610231407795,0.07697415351867676,0.07059955596923828,0.0100039,0.015342344583577035,0.09594580055281532,0
102400,2,Critical,Critical,WLAN,3.541185061298515,3.129463972895974,0.07813763618469238,0.0715487003326416,0.050007600000000006,0.008086581707831048,0.12964288204047267,0
102400,4,Idle,Idle,LAN,76.50775213953445,65.64933381365498,0.10466742515563965,0.0719597339630127,0.0100038,0.008813251412687267,0.09077678537569997,0
102400,4,Idle,Idle,WLAN,60.010188373293445,60.50851729587327,0.09389662742614746,0.07127118110656738,0.050007800000000005,0.01719985164037737,0.13847883274694475,0
102400,4,Idle,Medium,LAN,60.726837702853025,31.931097482338686,0.09337854385375977,0.07239270210266113,0.0100039,0.011940884305854892,0.09433748640851602,0
102400,4,Idle,Medium,WLAN,79.8647367087722,46.90986082321295,0.09414219856262207,0.07383894920349121,0.050007800000000005,0.010895728103018892,0.13474247730651012,0
102400,4,Idle,Critical,LAN,71.48371049593044,12.307912383450986,0.09331941604614258,0.07176709175109863,0.0100039,0.019565640447121523,0.10133663219822014,0
102400,4,Idle,Critical,WLAN,74.57189293394441,19.599405054131093,0.09531521797180176,0.07208800315856934,0.050007800000000005,0.011140472883104977,0.13323627604167432,0
102400,4,Medium,Idle,LAN,35.100993041015464,74.86026688194455,0.0952901840209961,0.08238935470581055,0.0100039,0.01674905877656952,0.10914231348238007,0
102400,4,Medium,Idle,WLAN,36.66969842098832,62.681109314593286,0.09410881996154785,0.07175111770629883,0.050007800000000005,0.010756034779428141,0.13251495248572698,0
102400,4,Medium,Medium,LAN,41.79297567764749,23.029847093201568,0.09530997276306152,0.07143878936767578,0.0100039,0.015497405205901465,0.09694009457357725,0
102400,4,Medium,Medium,WLAN,26.375348601751316,33.1696653236016,0.09334325790405273,0.07253551483154297,0.050007800000000005,0.014729126061501098,0.13727244089304408,0
102400,4,Medium,Critical,LAN,28.820325006679663,19.45384191825099,0.09409499168395996,0.07359957695007324,0.0100039,0.016752765205747235,0.10035624215582048,0
102400,4,Medium,Critical,WLAN,47.65416638606638,6.283030456035734,0.0948946475982666,0.07255744934082031,0.050007800000000005,0.0116263879232196,0.13419163726403993,0
102400,4,Critical,Idle,LAN,6.841774737028532,78.25903364415237,0.0957481861114502,0.07302999496459961,0.0100039,0.012637056771784635,0.09567095173638424,0
102400,4,Critical,Idle,WLAN,7.428768631275215,71.66628471526703,0.10467720031738281,0.07305908203125,0.0500072,0.009434367636942687,0.1325006496681927,0
102400,4,Critical,Medium,LAN,6.424463952833641,40.038293253489144,0.09376740455627441,0.07047438621520996,0.0100039,0.010313158737920745,0.0907914449531307,0
102400,4,Critical,Medium,WLAN,6.958673032900009,42.12703786546918,0.09386467933654785,0.07143306732177734,0.050007800000000005,0.012586466184333418,0.13402733350611076,0
102400,4,Critical,Critical,LAN,14.308380062630274,1.858632118710375,0.09334540367126465,0.0732419490814209,0.0100038,0.009078297481991685,0.09232404656341259,0
102400,4,Critical,Critical,WLAN,17.494292315875693,7.495985270608121,0.09300422668457031,0.07298541069030762,0.050007800000000005,0.005412266066005474,0.12840547675631309,0
102400,5,Idle,Idle,LAN,57.1104450634742,75.5550704861378,0.10300540924072266,0.07320308685302734,0.0100039,0.017963587468192616,0.10117057432121995,0
102400,5,Idle,Idle,WLAN,64.59306248938735,52.6949970026405,0.10400271415710449,0.08357739448547363,0.050007800000000005,0.018042651634857642,0.15162784612033126,1
102400,5,Idle,Medium,LAN,53.48568179141773,38.95903404162279,0.10338544845581055,0.07176423072814941,0.0100039,0.00845197063748388,0.09022010136563328,1
102400,5,Idle,Medium,WLAN,58.403521726754406,23.202907984890096,0.10236859321594238,0.07305455207824707,0.050007800000000005,0.017265051789028683,0.14032740386727577,1
102400,5,Idle,Critical,LAN,78.87001563207495,2.738604190933873,0.10288047790527344,0.07284164428710938,0.0100039,0.019188436588226113,0.10203398087533548,1
102400,5,Idle,Critical,WLAN,78.08093182376277,6.559700933658769,0.10320806503295898,0.07196235656738281,0.050007800000000005,0.01931283169531225,0.14128298826269506,1
102400,5,Medium,Idle,LAN,27.073172330812966,68.40575128215693,0.10319948196411133,0.07242393493652344,0.0100039,0.007571955049346319,0.08999978998586976,1
102400,5,Medium,Idle,WLAN,31.317964440433173,56.219938715680065,0.10243511199951172,0.08380317687988281,0.050007800000000005,0.009020217773882852,0.14283119465376565,1
102400,5,Medium,Medium,LAN,23.61395179182837,44.20423186099914,0.10104799270629883,0.07374358177185059,0.0100039,0.01403788471221476,0.09778536648406534,1
102400,5,Medium,Medium,WLAN,21.399453102445097,49.59902848489341,0.10189247131347656,0.0733792781829834,0.050007600000000006,0.008355988839841334,0.13174286702282476,1
102400,5,Medium,Critical,LAN,38.34526894512133,17.897822182923175,0.10172057151794434,0.07340693473815918,0.0100039,0.013093700633991956,0.09650453537215113,1
102400,5,Medium,Critical,WLAN,34.33138369976298,0.8791618999485529,0.10187625885009766,0.07210564613342285,0.050007800000000005,0.01434314697503146,0.13645659310845432,1
102400,5,Critical,Idle,LAN,6.3081873461795945,59.74061950203922,0.10212206840515137,0.07383871078491211,0.0100039,0.015668708240350916,0.09951131902526303,1
102400,5,Critical,Idle,WLAN,19.998196776123034,59.853472736494844,0.10157656669616699,0.0795445442199707,0.050007600000000006,0.013397445888197305,0.14294959010816802,1
102400,5,Critical,Medium,LAN,6.127380676405371,33.631404759682816,0.10017919540405273,0.07282137870788574,0.0100039,0.015959613614047095,0.09878489232193283,1
102400,5,Critical,Medium,WLAN,13.379315930303367,41.16121777614492,0.10218119621276855,0.07393693923950195,0.050007800000000005,0.00669419487902988,0.13063893411853184,1
102400,5,Critical,Critical,LAN,4.016124206864127,14.718417858098526,0.10175395011901855,0.07407522201538086,0.0100039,0.016876904636914828,0.10095602665229568,1
102400,5,Critical,Critical,WLAN,7.690571642600556,18.348631871105383,0.10183382034301758,0.07356786727905273,0.050007800000000005,0.012335250951432928,0.13591091823048568,1
102400,9,Idle,Idle,LAN,79.48177428601755,51.6136519204432,0.13564324378967285,0.07586359977722168,0.0100039,0.011172957562393292,0.09704045733961497,0
102400,9,Idle,Idle,WLAN,54.12931023198577,73.01332407498705,0.14261484146118164,0.07623934745788574,0.050007800000000005,0.01625792164071225,0.14250506909859798,0
102400,9,Idle,Medium,LAN,76.82238148607264,28.68691027330531,0.13576269149780273,0.07661604881286621,0.0100039,0.01182319434319723,0.09844314315606344,1
102400,9,Idle,Medium,WLAN,79.43071028040984,21.914038931123713,0.13578152656555176,0.07644057273864746,0.050007800000000005,0.015485583897836191,0.14193395663648364,1
102400,9,Idle,Critical,LAN,51.39491110239872,11.844900407723976,0.13524770736694336,0.07682323455810547,0.0100039,0.01952114513728133,0.1063482796953868,1
102400,9,Idle,Critical,WLAN,64.84567994313348,11.662212693930318,0.13559699058532715,0.07720541954040527,0.050007800000000005,0.005079683788407873,0.13229290332881313,1
102400,9,Medium,Idle,LAN,38.184341739550405,63.756609766165326,0.13506650924682617,0.07692861557006836,0.0100039,0.016482626113132323,0.10341514168320068,1
102400,9,Medium,Idle,WLAN,30.260007388142874,52.38881151177804,0.13601922988891602,0.07676148414611816,0.050007800000000005,0.011021075247695303,0.13779035939381346,1
102400,9,Medium,Medium,LAN,36.729095340955624,43.72367200833826,0.1359996795654297,0.07619833946228027,0.0100039,0.012237091804512955,0.09843933126679322,1
102400,9,Medium,Medium,WLAN,36.654089519142744,26.395658660849794,0.13561534881591797,0.07665276527404785,0.050007800000000005,0.006957747111044327,0.13361831238509217,1
102400,9,Medium,Critical,LAN,26.832786436595082,13.744377481107401,0.1348435878753662,0.08927607536315918,0.0100039,0.018195430043815193,0.11747540540697438,1
102400,9,Medium,Critical,WLAN,30.092847143978286,6.292605335490633,0.1348404884338379,0.07635712623596191,0.050007800000000005,0.017620485873304396,0.1439854121092663,1
102400,9,Critical,Idle,LAN,19.478352769205962,62.58347224200643,0.1360177993774414,0.07697463035583496,0.0100039,0.005877291951987096,0.09285582230782205,1
102400,9,Critical,Idle,WLAN,15.339718292162557,65.77705157467592,0.13576173782348633,0.07684898376464844,0.050007800000000005,0.016139440626601692,0.14299622439125012,1
102400,9,Critical,Medium,LAN,1.5506328379085121,24.268169249585057,0.13538169860839844,0.07794666290283203,0.0100039,0.015737818719756415,0.10368838162258845,1
102400,9,Critical,Medium,WLAN,19.57792093499859,45.24024007616464,0.14457345008850098,0.07589459419250488,0.050007800000000005,0.008532363250926055,0.13443475744343092,1
102400,9,Critical,Critical,LAN,0.04030520522511516,14.06809348404529,0.13627123832702637,0.07713890075683594,0.0100039,0.006373462752819054,0.09351626350965499,1
102400,9,Critical,Critical,WLAN,18.99281837862779,6.967749364680024,0.13570094108581543,0.0761873722076416,0.050007600000000006,0.013499045267520122,0.13969401747516175,1
102400,12,Idle,Idle,LAN,60.058818290177285,75.84603287273691,0.16008305549621582,0.07909846305847168,0.0100039,0.01114947321742583,0.10025183627589751,1
102400,12,Idle,Idle,WLAN,54.57282528160327,61.71760606002492,0.16096067428588867,0.08947110176086426,0.050007800000000005,0.006081109124238705,0.14556001088510295,0
102400,12,Idle,Medium,LAN,59.31666489804081,49.30339661733106,0.1611182689666748,0.07933187484741211,0.0100039,0.019411245099364847,0.10874701994677695,0
102400,12,Idle,Medium,WLAN,53.588959231326356,49.44796141285812,0.16102862358093262,0.0792074203491211,0.050007600000000006,0.01893901314730312,0.14815403349642423,0
102400,12,Idle,Critical,LAN,76.57714675243041,2.421833968160738,0.1612682342529297,0.0785226821899414,0.0100038,0.01527147583092369,0.10379795802086511,1
102400,12,Idle,Critical,WLAN,70.28860526753672,17.58665387628307,0.16128277778625488,0.08846497535705566,0.050007800000000005,0.01588194209571804,0.15435471745277368,1
102400,12,Medium,Idle,LAN,37.70004462143807,79.49306035880576,0.1610124111175537,0.07926797866821289,0.0100039,0.0166219777747421,0.10589385644295499,1
102400,12,Medium,Idle,WLAN,22.117245799355825,70.54131829154537,0.16111540794372559,0.07867026329040527,0.050007800000000005,0.008165726701814502,0.13684378999221977,1
102400,12,Medium,Medium,LAN,45.4821094015029,43.941586853659025,0.16038012504577637,0.07872962951660156,0.0100039,0.010988896956528129,0.09972242647312969,0
102400,12,Medium,Medium,WLAN,41.22692614595472,49.16317257264713,0.1601419448852539,0.08839297294616699,0.050007800000000005,0.01892276122163569,0.15732353416780268,0
102400,12,Medium,Critical,LAN,38.79880839641877,4.2560442518467445,0.16012907028198242,0.07812619209289551,0.0100039,0.00836844248836888,0.09649853458126438,1
102400,12,Medium,Critical,WLAN,36.026296905567364,4.533182940838449,0.16150546073913574,0.07914352416992188,0.050007800000000005,0.012000555862612835,0.1411518800325347,1
102400,12,Critical,Idle,LAN,12.628970661475945,54.22594399182897,0.1612246036529541,0.07933449745178223,0.0100039,0.007472074982802928,0.09681047243458515,1
102400,12,Critical,Idle,WLAN,13.142639104764896,51.33022303705208,0.1602616310119629,0.09003472328186035,0.050007800000000005,0.016504943980284143,0.1565474672621445,1
102400,12,Critical,Medium,LAN,1.2144087643095158,21.708182885970597,0.16164517402648926,0.07882332801818848,0.0100039,0.015173779327172912,0.10400100734536138,1
102400,12,Critical,Medium,WLAN,4.336499947266528,24.69110721744254,0.16031813621520996,0.07810091972351074,0.050007800000000005,0.00699973064277362,0.13510845036628436,1
102400,12,Critical,Critical,LAN,5.830227255749209,9.354363881166616,0.1604163646697998,0.07815694808959961,0.0100039,0.014853246980296338,0.10301409506989595,1
102400,12,Critical,Critical,WLAN,15.079495081005078,10.663679159921543,0.16018962860107422,0.0907440185546875,0.050007600000000006,0.006208609918130511,0.14696022847281803,1
102400,20,Idle,Idle,LAN,78.56725959175111,55.9219155559379,0.22715306282043457,0.0857398509979248,0.0100038,0.007692646113991109,0.10343629711191592,0
102400,20,Idle,Idle,WLAN,60.43879994608038,64.77035445709205,0.22956061363220215,0.08540511131286621,0.050007800000000005,0.013560811768777156,0.14897372308164336,1
102400,20,Idle,Medium,LAN,79.24438034513292,36.170179308012855,0.22843647003173828,0.09256696701049805,0.0100039,0.0134877724147103,0.11605863942520835,1
102400,20,Idle,Medium,WLAN,59.20349158916468,47.08481456339867,0.22911429405212402,0.08427190780639648,0.050007800000000005,0.015456311263117944,0.14973601906951442,0
102400,20,Idle,Critical,LAN,59.1585014116168,12.137342469060076,0.22811365127563477,0.08584332466125488,0.0100039,0.018674187135017936,0.11452141179627282,1
102400,20,Idle,Critical,WLAN,65.81072550527307,8.689904309545632,0.2279186248779297,0.09250998497009277,0.050007800000000005,0.015392048184944697,0.15790983315503745,1
102400,20,Medium,Idle,LAN,39.91197878903744,75.75043993000338,0.2296907901763916,0.0854945182800293,0.0100038,0.019813652192699493,0.1153119704727288,1
102400,20,Medium,Idle,WLAN,33.419915826625896,75.84137289439987,0.22777915000915527,0.08426237106323242,0.050007800000000005,0.008096856875765055,0.14236702793899747,1
102400,20,Medium,Medium,LAN,34.274567075834035,40.56909993806822,0.23494410514831543,0.0856010913848877,0.0100038,0.01760944124725277,0.11321433263214048,1
102400,20,Medium,Medium,WLAN,38.535020203976515,27.748731142170566,0.2277987003326416,0.08572626113891602,0.050007800000000005,0.009782429693304702,0.1455164908322207,1
102400,20,Medium,Critical,LAN,38.83641869638292,18.619399111706475,0.22608590126037598,0.08418607711791992,0.0100039,0.013707182878532759,0.10789715999645268,1
102400,20,Medium,Critical,WLAN,47.21483629545139,5.841873533350494,0.23633098602294922,0.08707237243652344,0.050007800000000005,0.018793386484226435,0.15587355892074986,1
102400,20,Critical,Idle,LAN,10.361187035754188,64.60210973966933,0.2259988784790039,0.08631277084350586,0.0100039,0.01967142049792033,0.11598809134142618,1
102400,20,Critical,Idle,WLAN,7.803395706836311,57.026557327043314,0.22823333740234375,0.0844888687133789,0.050007600000000006,0.011771136558374827,0.14626760527175375,1
102400,20,Critical,Medium,LAN,17.665860629726133,21.295335062130903,0.2353501319885254,0.08596348762512207,0.0100039,0.019805694269392132,0.1157730818945142,1
102400,20,Critical,Medium,WLAN,16.38769587652179,39.65066848831002,0.22898507118225098,0.08711433410644531,0.050007800000000005,0.006057672187149575,0.1431798062935949,1
102400,20,Critical,Critical,LAN,15.003845266298526,8.077037184785,0.2280902862548828,0.08538365364074707,0.0100039,0.006289443860048332,0.1016769975007954,1
102400,20,Critical,Critical,WLAN,12.882612636428924,1.587573599202472,0.23682713508605957,0.08665347099304199,0.050007800000000005,0.011399316781324874,0.14806058777436687,1
102400,30,Idle,Idle,LAN,51.32678196007872,55.951483530337065,0.31191587448120117,0.09435820579528809,0.0100039,0.016259622117722246,0.12062172791301033,0
102400,30,Idle,Idle,WLAN,78.7857925086527,58.2866722459095,0.31896328926086426,0.0933380126953125,0.050007600000000006,0.015759939802674303,0.1591055524979868,0
102400,30,Idle,Medium,LAN,61.15130406657161,29.53666320701903,0.31133508682250977,0.09464550018310547,0.0100039,0.009858328039142534,0.114507728222248,1
102400,30,Idle,Medium,WLAN,57.79041803877038,28.264096613909498,0.3115115165710449,0.10049223899841309,0.050007800000000005,0.006850912821309518,0.15735095181972258,1
102400,30,Idle,Critical,LAN,68.07495596202168,17.04230730699593,0.3130466938018799,0.09376311302185059,0.0100039,0.010492178460666033,0.11425919148251662,1
102400,30,Idle,Critical,WLAN,76.3444859613833,12.556969184703501,0.3109099864959717,0.1007237434387207,0.050007600000000006,0.01493518164046503,0.16566652507918575,1
102400,30,Medium,Idle,LAN,23.68324094520633,75.71777873696514,0.3121180534362793,0.09516501426696777,0.0100039,0.01021568366348941,0.11538459793045718,1
102400,30,Medium,Idle,WLAN,33.415018104117806,58.15920014881411,0.312380313873291,0.10019540786743164,0.050007800000000005,0.006691559429531536,0.15689476729696317,1
102400,30,Medium,Medium,LAN,49.39855819358486,42.80118354864008,0.3120560646057129,0.09541440010070801,0.0100039,0.017174873178736116,0.12259317327944412,0
102400,30,Medium,Medium,WLAN,21.04735233638493,23.466480109431583,0.3117542266845703,0.1010141372680664,0.050007600000000006,0.01832781948493493,0.16934955675300134,1
102400,30,Medium,Critical,LAN,27.66215703586178,11.740258598614746,0.3135097026824951,0.0939943790435791,0.0100038,0.00822790318886278,0.11222608223244189,1
102400,30,Medium,Critical,WLAN,29.67703528288358,16.201906137171513,0.30990028381347656,0.09385395050048828,0.050007800000000005,0.015111622143967302,0.15897337264445557,1
102400,30,Critical,Idle,LAN,0.17389190627488782,71.93460758807336,0.31153440475463867,0.09432196617126465,0.0100039,0.019441837874023243,0.12376770404528789,1
102400,30,Critical,Idle,WLAN,7.263571315322959,64.08560321162834,0.3134021759033203,0.09392166137695312,0.050007800000000005,0.01177411968022403,0.15570358105717713,1
102400,30,Critical,Medium,LAN,11.93342726317028,32.18477520809039,0.3197975158691406,0.09414291381835938,0.0100039,0.014100162862768571,0.11824697668112794,1
102400,30,Critical,Medium,WLAN,19.780791588897102,30.762331599850903,0.3126864433288574,0.0934290885925293,0.050007600000000006,0.015056713899118963,0.15849340249164828,1
102400,30,Critical,Critical,LAN,13.305457973853184,10.843254319217339,0.32031989097595215,0.0938267707824707,0.0100038,0.01657033316903259,0.1204009039515033,1
102400,30,Critical,Critical,WLAN,19.299403125750015,4.982707734475755,0.3105456829071045,0.09402799606323242,0.050007800000000005,0.018931496392278806,0.16296729245551123,1
102400,50,Idle,Idle,LAN,68.57650429066099,56.47491014993129,0.48883771896362305,0.11164236068725586,0.0100039,0.015742811813252867,0.13738907250050872,0
102400,50,Idle,Idle,WLAN,55.21785158934901,57.338452781889174,0.48328161239624023,0.11639952659606934,0.050007800000000005,0.008514750686314052,0.17492207728238338,0
102400,50,Idle,Medium,LAN,59.404079054791495,48.18859229305501,0.48475193977355957,0.11066031455993652,0.0100039,0.01184452540576942,0.13250873996570595,0
102400,50,Idle,Medium,WLAN,58.34852561511689,43.077431106119285,0.49030256271362305,0.11133933067321777,0.050007800000000005,0.009548344202938546,0.1708954748761563,0
102400,50,Idle,Critical,LAN,52.15376805893107,2.813372934741798,0.4876883029937744,0.11145734786987305,0.0100039,0.007857838332478379,0.1293190862023514,1
102400,50,Idle,Critical,WLAN,52.88175125014753,16.21229637474274,0.4846923351287842,0.11598730087280273,0.050007800000000005,0.005716753716501136,0.17171185458930385,1
102400,50,Medium,Idle,LAN,36.557987283211276,77.99547055920144,0.48398590087890625,0.11022305488586426,0.0100039,0.01209936161726637,0.13232631650313062,1
102400,50,Medium,Idle,WLAN,32.29741939055098,77.63396909627595,0.4862518310546875,0.11087727546691895,0.050007800000000005,0.007113710883068586,0.16799878634998752,1
102400,50,Medium,Medium,LAN,22.313036625369325,46.050105603382605,0.48659563064575195,0.11486530303955078,0.0100039,0.014551882702276357,0.13942108574182713,1
102400,50,Medium,Medium,WLAN,21.31521800489558,40.82568374790349,0.4850037097930908,0.10994553565979004,0.050007800000000005,0.017180960147661004,0.17713429580745105,1
102400,50,Medium,Critical,LAN,37.59993376550452,7.182571662115378,0.48421454429626465,0.11088728904724121,0.0100039,0.015877624588261578,0.13676881363550278,1
102400,50,Medium,Critical,WLAN,32.83064956221396,2.740888489168054,0.4887428283691406,0.27619218826293945,0.050007800000000005,0.010924727873933483,0.33712471613687295,1
102400,50,Critical,Idle,LAN,3.1154006977931292,77.90940267400632,0.4821128845214844,0.11589360237121582,0.0100039,0.013834647537655273,0.13973214990887112,1
102400,50,Critical,Idle,WLAN,17.163549009077602,65.3836754183386,0.4855537414550781,0.11129307746887207,0.050007800000000005,0.016697620994120182,0.17799849846299223,1
102400,50,Critical,Medium,LAN,13.766948859853214,34.73241958765453,0.4910244941711426,0.11109781265258789,0.0100039,0.00688337920815816,0.12798509186074605,1
102400,50,Critical,Medium,WLAN,6.847821738945036,29.66818168306953,0.48693370819091797,0.11493349075317383,0.050007800000000005,0.009645641954678395,0.17458693270785222,1
102400,50,Critical,Critical,LAN,1.6318623392283738,14.685929788634972,0.48401951789855957,0.11161208152770996,0.0100039,0.011689954933467056,0.133305936461177,1
102400,50,Critical,Critical,WLAN,19.258862344931558,6.96357417737385,0.4900195598602295,0.11029267311096191,0.050007800000000005,0.006430490284168408,0.16673096339513033,1
102400,100,Idle,Idle,LAN,63.182710327687374,62.180374997254404,0.9294841289520264,0.15746498107910156,0.0100039,0.011791870065614166,0.17926075114471574,1
102400,100,Idle,Idle,WLAN,58.51202935419344,68.75310215164416,0.925769567489624,0.15827059745788574,0.050007800000000005,0.01896127089386404,0.22723966835174977,0
102400,100,Idle,Medium,LAN,77.50767994507575,37.52368394659383,0.9275283813476562,0.15313410758972168,0.0100039,0.006017576809989881,0.16915558439971157,1
102400,100,Idle,Medium,WLAN,67.07480457939273,35.83510754219205,0.9326012134552002,0.1537461280822754,0.050007600000000006,0.011225173808294577,0.21497890189056998,1
102400,100,Idle,Critical,LAN,67.49440928775684,12.696709245021818,0.9241628646850586,0.15511250495910645,0.0100039,0.01659050794252423,0.18170691290163068,1
102400,100,Idle,Critical,WLAN,54.85580090656337,6.462367790043344,0.9271302223205566,0.15299201011657715,0.050007800000000005,0.019780276740539435,0.2227800868571166,1
102400,100,Medium,Idle,LAN,32.88061673462754,77.63280732871793,0.9310364723205566,0.15335965156555176,0.0100039,0.019506614010758278,0.18287016557631006,1
102400,100,Medium,Idle,WLAN,32.96435455805643,66.75781743560258,0.9239475727081299,0.15517234802246094,0.050007800000000005,0.011758250835291209,0.21693839885775212,1
102400,100,Medium,Medium,LAN,35.22071056588558,29.180561390247647,0.9288361072540283,0.15214133262634277,0.0100039,0.005324068838694336,0.1674693014650371,1
102400,100,Medium,Medium,WLAN,23.422143232271544,36.95273105707387,0.9279968738555908,0.15364933013916016,0.050007800000000005,0.018340284501521347,0.22199741464068148,1
102400,100,Medium,Critical,LAN,38.46271083980661,5.905605911665899,0.9248828887939453,0.1562185287475586,0.0100038,0.007972716694870537,0.17419504544242914,1
102400,100,Medium,Critical,WLAN,37.85520991034396,0.8144231156104453,0.9278035163879395,0.15309548377990723,0.050007800000000005,0.018297677603702545,0.22140096138360976,1
102400,100,Critical,Idle,LAN,1.933865419485199,58.01915781999287,0.9306783676147461,0.15361380577087402,0.0100039,0.010493890998154112,0.17411159676902815,1
102400,100,Critical,Idle,WLAN,12.061956431598206,51.279840236780615,0.9232888221740723,0.3273441791534424,0.050007600000000006,0.012741961506054961,0.3900937406594973,1
102400,100,Critical,Medium,LAN,9.782092392525325,21.785264314776473,0.9267396926879883,0.157958984375,0.0100034,0.011014421014000592,0.1789768053890006,1
102400,100,Critical,Medium,WLAN,17.248838141587708,35.27839388986357,0.9311423301696777,0.15492010116577148,0.050007800000000005,0.019114235544066695,0.22404213670983816,1
102400,100,Critical,Critical,LAN,8.523533300419475,13.39024402331596,0.9286751747131348,0.156890869140625,0.0100037,0.012337936590309413,0.1792325057309344,1
102400,100,Critical,Critical,WLAN,13.106727850864974,4.603345566567663,0.9257800579071045,0.15973663330078125,0.050007800000000005,0.005515280038342184,0.21525971333912342,1
102400,250,Idle,Idle,LAN,60.62416692123496,57.06945411177945,2.2994396686553955,0.29160261154174805,0.0100039,0.013273518485552315,0.31488003002730036,0
102400,250,Idle,Idle,WLAN,78.58767953551308,66.84456283684601,2.294689655303955,0.28956127166748047,0.050007800000000005,0.008969933800871794,0.34853900546835226,1
102400,250,Idle,Medium,LAN,62.863723512121666,30.05711642359497,2.297010660171509,0.29054832458496094,0.0100039,0.012026172599649505,0.31257839718461045,1
102400,250,Idle,Medium,WLAN,63.56024253228841,43.63139817960687,2.299259662628174,0.29316115379333496,0.050007800000000005,0.015045876323766614,0.3582148301171016,0
102400,250,Idle,Critical,LAN,67.31585408466432,0.4692405808538336,2.294245481491089,0.47365903854370117,0.0100039,0.005950829103296477,0.48961376764699766,1
102400,250,Idle,Critical,WLAN,63.60248786600535,2.097073253092734,2.293637275695801,0.2912609577178955,0.050007600000000006,0.015634918408687484,0.35690347612658296,1
102400,250,Medium,Idle,LAN,45.35656047662883,73.91139795080734,2.302262783050537,0.2891526222229004,0.0100038,0.013452306438744906,0.3126087286616453,0
102400,250,Medium,Idle,WLAN,28.08550180992185,61.21757049413023,2.2976601123809814,0.2890443801879883,0.050007600000000006,0.008023634525850667,0.3470756147138389,1
102400,250,Medium,Medium,LAN,43.94745944598419,30.049596747265728,2.3077423572540283,0.2906515598297119,0.0100038,0.01086161436602705,0.311516974195739,1
102400,250,Medium,Medium,WLAN,47.89356473034329,26.76465381219572,2.3070905208587646,0.28784894943237305,0.050007800000000005,0.013315740489453831,0.35117248992182687,1
102400,250,Medium,Critical,LAN,47.41906445990304,16.870049432301535,2.302290916442871,0.2879626750946045,0.0100038,0.007825723062369597,0.3057921981569741,1
102400,250,Medium,Critical,WLAN,45.75797671972679,4.660637083320154,2.4921212196350098,0.29143762588500977,0.050007800000000005,0.005418002003649892,0.34686342788865965,1
102400,250,Critical,Idle,LAN,15.867157798142028,77.75014065127995,2.2926642894744873,0.2912909984588623,0.0100038,0.013005612025564682,0.314300410484427,1
102400,250,Critical,Idle,WLAN,15.196547642722118,53.22521765765476,2.296698808670044,0.29198408126831055,0.050007800000000005,0.005194504230849097,0.34718638549915964,1
102400,250,Critical,Medium,LAN,15.367348927647013,39.66742056690895,2.297808885574341,0.2910311222076416,0.0100038,0.0062804268078400696,0.3073153490154817,1
102400,250,Critical,Medium,WLAN,16.546423512475435,22.202237654165433,2.2969391345977783,0.29181861877441406,0.050007800000000005,0.011393767208005539,0.3532201859824196,1
102400,250,Critical,Critical,LAN,3.083728545349942,10.369964393807829,2.2981231212615967,0.29149317741394043,0.0100039,0.014025826183805792,0.3155229035977462,1
102400,250,Critical,Critical,WLAN,2.3255227838781,3.5097449086500165,2.296351432800293,0.4792001247406006,0.050007600000000006,0.012181867713267935,0.5413895924538685,1
102400,500,Idle,Idle,LAN,71.6887328918625,75.70466280533282,4.727869033813477,0.5240423679351807,0.0100038,0.006844057828952558,0.5408902257641333,1
102400,500,Idle,Idle,WLAN,67.40489118264179,56.65905144858683,4.744678020477295,0.5275113582611084,0.050007600000000006,0.01670534946423159,0.5942243077253401,0
102400,500,Idle,Medium,LAN,69.19775714763068,35.912765289270666,4.740961790084839,0.5214896202087402,0.0100038,0.017104230739752903,0.5485976509484931,1
102400,500,Idle,Medium,WLAN,78.12657183949007,47.56926277103187,4.944146156311035,0.5268597602844238,0.050007600000000006,0.019564562189731433,0.5964319224741553,0
102400,500,Idle,Critical,LAN,62.01812170834535,4.482708693639827,4.729592323303223,0.5276572704315186,0.0100038,0.013936700080621596,0.5515977705121402,1
102400,500,Idle,Critical,WLAN,77.5080877148968,8.051866587343277,4.737891912460327,0.5292167663574219,0.050007600000000006,0.016308096193130308,0.5955324625505523,1
102400,500,Medium,Idle,LAN,28.884165626510388,71.99384714768739,4.731770992279053,0.7391722202301025,0.0100038,0.01903600658095254,0.768212026811055,1
102400,500,Medium,Idle,WLAN,42.152908994769064,73.49789832805669,4.729038953781128,0.5307104587554932,0.050007600000000006,0.01822628906311327,0.5989443478186065,0
102400,500,Medium,Medium,LAN,36.141264302878405,24.344340333666253,4.724268913269043,0.5307395458221436,0.0100038,0.019291327997964645,0.5600346738201082,1
102400,500,Medium,Medium,WLAN,31.286046440022,37.87101679037652,4.735416889190674,0.5267510414123535,0.050007600000000006,0.010369140830936426,0.58712778224329,1
102400,500,Medium,Critical,LAN,49.333663678343065,19.176837862200856,4.951983213424683,0.5207664966583252,0.0100038,0.010628166945181875,0.5413984636035071,1
102400,500,Medium,Critical,WLAN,45.99127721453314,5.5159471402993905,4.735674619674683,0.5239467620849609,0.050007600000000006,0.008319675752586209,0.5822740378375472,1
102400,500,Critical,Idle,LAN,19.447322219728925,69.06864167492634,4.735862493515015,0.5227735042572021,0.0100038,0.010179053444863587,0.5429563577020657,1
102400,500,Critical,Idle,WLAN,9.217144968535695,73.90950189203039,4.745963096618652,0.735823392868042,0.0500074,0.008718568491006322,0.7945493613590483,1
102400,500,Critical,Medium,LAN,16.724887488027242,25.613083734322885,4.72603178024292,0.5258417129516602,0.0100038,0.01577818236598081,0.551623695317641,1
102400,500,Critical,Medium,WLAN,9.881246119766587,37.724795337680106,4.725046157836914,0.5288174152374268,0.050007600000000006,0.014508694468797084,0.5933337097062239,1
102400,500,Critical,Critical,LAN,17.587985564259935,5.112345567812193,4.755854606628418,0.5189156532287598,0.0100038,0.017574449169407494,0.5464939023981673,1
102400,500,Critical,Critical,WLAN,3.0251918307043257,3.801249630594401,4.952979326248169,0.5288610458374023,0.050007600000000006,0.017135151636767914,0.5960037974741703,1
1048576,2,Idle,Idle,LAN,75.19377238672726,69.51589106698157,0.07564139366149902,0.07111644744873047,0.0100039,0.016273169896827387,0.09739351734555785,0
1048576,2,Idle,Idle,WLAN,72.81179418583197,79.87939265114042,0.07560014724731445,0.07155084609985352,0.050007800000000005,0.008289443182810306,0.12984808928266384,0
1048576,2,Idle,Medium,LAN,74.85426709304957,31.11953523343295,0.07826924324035645,0.07111430168151855,0.0100039,0.01718567165421839,0.09830387333573694,0
1048576,2,Idle,Medium,WLAN,61.00376496571471,24.81397945011547,0.07657027244567871,0.07057809829711914,0.050007800000000005,0.012007546015029779,0.13259344431214892,0
1048576,2,Idle,Critical,LAN,71.2871730574118,2.037330845240586,0.07929563522338867,0.07042956352233887,0.0100039,0.008088710267603189,0.08852217378994205,0
1048576,2,Idle,Critical,WLAN,72.4589552702163,5.3778813440448285,0.07614254951477051,0.07040739059448242,0.050007800000000005,0.019953830082763736,0.14036902067724616,0
1048576,2,Medium,Idle,LAN,47.0643779650152,68.34077428816758,0.07839107513427734,0.07067036628723145,0.0100039,0.01679688052697072,0.09747114681420216,0
1048576,2,Medium,Idle,WLAN,22.356327243292206,55.92496077326623,0.07747077941894531,0.07058954238891602,0.050007800000000005,0.016726495656081104,0.13732383804499712,0
1048576,2,Medium,Medium,LAN,29.76618699193934,28.512472479287418,0.07748675346374512,0.08157849311828613,0.0100039,0.014452458163948512,0.10603485128223464,0
1048576,2,Medium,Medium,WLAN,22.221374753199395,39.69478333889104,0.07846665382385254,0.07036924362182617,0.050007800000000005,0.00511258063556035,0.12548962425738652,0
1048576,2,Medium,Critical,LAN,37.515436440357874,14.43894432691836,0.07663726806640625,0.07042694091796875,0.0100039,0.016553721008998483,0.09698456192696722,0
1048576,2,Medium,Critical,WLAN,45.87750250260332,0.37760058771321825,0.07887864112854004,0.06926488876342773,0.050007800000000005,0.017717506898988666,0.1369901956624164,0
1048576,2,Critical,Idle,LAN,18.53735951802645,78.0676410633846,0.07640290260314941,0.07029271125793457,0.0100039,0.008913999192401826,0.08921061045033639,0
1048576,2,Critical,Idle,WLAN,2.690308447204348,51.861064762130255,0.07808208465576172,0.07006049156188965,0.050007800000000005,0.011486859275071155,0.13155515083696082,0
1048576,2,Critical,Medium,LAN,19.453122687554874,21.14456170317799,0.07586431503295898,0.07088828086853027,0.0100039,0.006108212368216587,0.08700039323674685,0
1048576,2,Critical,Medium,WLAN,10.051465150960821,34.00675753405022,0.07791829109191895,0.07115864753723145,0.050007800000000005,0.015209422724172379,0.13637587026140383,0
1048576,2,Critical,Critical,LAN,16.383101335618427,4.308920363801487,0.08785891532897949,0.07055306434631348,0.0100039,0.006894446078808584,0.08745141042512206,0
1048576,2,Critical,Critical,WLAN,18.353891426933096,18.550846626851353,0.07678890228271484,0.07105898857116699,0.050007800000000005,0.007707415343006244,0.12877420391417324,0
1048576,4,Idle,Idle,LAN,60.8400130652128,79.72353186536394,0.09464001655578613,0.07166624069213867,0.0100039,0.007149100291981273,0.08881924098411995,0
1048576,4,Idle,Idle,WLAN,57.13155656888829,78.91158223436292,0.09406304359436035,0.07134866714477539,0.050007800000000005,0.00649703462042543,0.12785350176520083,0
1048576,4,Idle,Medium,LAN,76.4798095749064,36.16271255500535,0.09238505363464355,0.07249665260314941,0.0100039,0.015127497619186674,0.09762805022233609,0
1048576,4,Idle,Medium,WLAN,55.9016177829867,28.861216816268513,0.09411835670471191,0.07260870933532715,0.050007800000000005,0.014752283176528245,0.1373687925118554,0
1048576,4,Idle,Critical,LAN,56.11974447844573,3.2303903590773864,0.09534859657287598,0.07328081130981445,0.0100039,0.00856101686748864,0.09184572817730309,0
1048576,4,Idle,Critical,WLAN,77.32535787161429,17.0168906085888,0.1057744026184082,0.07338976860046387,0.050007800000000005,0.015671047898428745,0.13906861649889263,0
1048576,4,Medium,Idle,LAN,29.836634511437857,78.81171040291714,0.09442567825317383,0.07124495506286621,0.0100039,0.0152305835405771,0.09647943860344331,0
1048576,4,Medium,Idle,WLAN,25.19730352522149,68.92748996955699,0.09354662895202637,0.07113051414489746,0.050007800000000005,0.01938437051443155,0.14052268465932902,0
1048576,4,Medium,Medium,LAN,28.69013732932529,44.34022062888477,0.09316825866699219,0.07269167900085449,0.0100039,0.018911896682494305,0.1016074756833488,0
1048576,4,Medium,Medium,WLAN,28.19281596688738,24.476498307615174,0.09326958656311035,0.07293820381164551,0.050007800000000005,0.011544725625203037,0.13449072943684856,0
1048576,4,Medium,Critical,LAN,30.517289758993893,15.16145303226692,0.09436511993408203,0.0722661018371582,0.0100038,0.016668873246071643,0.09893877508322985,0
1048576,4,Medium,Critical,WLAN,24.05205453324935,4.594662784556755,0.09612226486206055,0.08420109748840332,0.050007800000000005,0.016519383769628013,0.15072828125803134,0
1048576,4,Critical,Idle,LAN,13.449768358911623,71.37175499726018,0.09485697746276855,0.07339620590209961,0.0100039,0.01661257315388812,0.10001267905598772,0
1048576,4,Critical,Idle,WLAN,5.181478952605152,78.59125692903041,0.09477424621582031,0.07161855697631836,0.050007800000000005,0.012050860939767089,0.13367721791608544,0
1048576,4,Critical,Medium,LAN,3.464987205661121,29.422814750354163,0.09375429153442383,0.07308793067932129,0.0100039,0.01954349416695328,0.10263532484627456,0
1048576,4,Critical,Medium,WLAN,11.309282904788553,26.751068214700233,0.09341645240783691,0.0740201473236084,0.050007600000000006,0.01371823767868427,0.13774598500229268,0
1048576,4,Critical,Critical,LAN,1.2201350516069787,17.336910883807295,0.09297895431518555,0.07269811630249023,0.0100039,0.01916986461378497,0.10187188091627519,0
1048576,4,Critical,Critical,WLAN,9.125608130987787,16.174141472144,0.0942230224609375,0.07253026962280273,0.050007800000000005,0.007202561223393203,0.12974063084619594,0
1048576,5,Idle,Idle,LAN,71.25484521162586,69.29178714733091,0.1139681339263916,0.07337045669555664,0.0100039,0.005570354171703863,0.0889447108672605,1
1048576,5,Idle,Idle,WLAN,55.57298671392539,70.92370759368933,0.10240840911865234,0.0732884407043457,0.050007600000000006,0.00816511558493983,0.13146115628928554,0
1048576,5,Idle,Medium,LAN,53.959370673665305,49.63990884772319,0.10305547714233398,0.0729677677154541,0.0100038,0.005136963602701235,0.08810853131815534,0
1048576,5,Idle,Medium,WLAN,58.04375832876073,27.835977773054868,0.10223388671875,0.07384037971496582,0.050007800000000005,0.016701865843046917,0.14055004555801273,1
1048576,5,Idle,Critical,LAN,67.50330077306617,13.403854014179302,0.10160183906555176,0.0728912353515625,0.0100038,0.007103437438160453,0.08999847278972296,1
1048576,5,Idle,Critical,WLAN,76.33395511282599,3.5711608859738453,0.10225391387939453,0.0733649730682373,0.050007600000000006,0.017158142681734632,0.14053071574997195,1
1048576,5,Medium,Idle,LAN,38.84448300427404,68.35551862589655,0.11745882034301758,0.07303166389465332,0.0100039,0.005321845332725352,0.08835740922737867,1
1048576,5,Medium,Idle,WLAN,24.135553221346242,65.08750946938449,0.10297036170959473,0.07321619987487793,0.050007800000000005,0.010651676179914606,0.13387567605479253,1
1048576,5,Medium,Medium,LAN,32.48698442835855,29.921070992491444,0.10315918922424316,0.07320022583007812,0.0100039,0.009125933413085,0.09233005924316312,1
1048576,5,Medium,Medium,WLAN,24.7168656463167,33.497271376592344,0.10372161865234375,0.0733489990234375,0.050007600000000006,0.009668321655254547,0.13302492067869207,1
1048576,5,Medium,Critical,LAN,30.328172412345992,1.1314829752031108,0.10378384590148926,0.07342839241027832,0.0100039,0.015931722048975458,0.09936401445925377,1
1048576,5,Medium,Critical,WLAN,28.018578671448452,13.094276956271504,0.10334610939025879,0.07320904731750488,0.050007800000000005,0.018064023407164093,0.141280870724669,1
1048576,5,Critical,Idle,LAN,0.16448500422707513,53.586092789906196,0.11313986778259277,0.07373213768005371,0.0100039,0.010413052786441281,0.09414909046649499,1
1048576,5,Critical,Idle,WLAN,14.704934433580185,68.68943222682904,0.10410237312316895,0.07545185089111328,0.050007800000000005,0.017049589379255423,0.1425092402703687,1
1048576,5,Critical,Medium,LAN,17.89625500525543,32.64518855947459,0.10280871391296387,0.07323336601257324,0.0100039,0.008992726951272229,0.09222999296384547,1
1048576,5,Critical,Medium,WLAN,18.60440624648661,32.67880976327949,0.10367465019226074,0.07456803321838379,0.050007800000000005,0.015233296265020242,0.13980912948340404,1
1048576,5,Critical,Critical,LAN,2.692839200552344,2.806774512707675,0.10427045822143555,0.0734708309173584,0.0100038,0.005900467209956189,0.08937509812731459,1
1048576,5,Critical,Critical,WLAN,13.574783067853165,10.883563696593653,0.1037452220916748,0.07324457168579102,0.050007800000000005,0.01984119450671041,0.14309356619250144,1
1048576,9,Idle,Idle,LAN,53.55400542180895,75.19523330547341,0.1477057933807373,0.07741975784301758,0.0100039,0.007851303611886518,0.09527496145490409,0
1048576,9,Idle,Idle,WLAN,76.96548763663442,72.01481240529289,0.13635635375976562,0.07612776756286621,0.050007800000000005,0.006307487119156498,0.1324430546820227,1
1048576,9,Idle,Medium,LAN,71.52211710079952,41.30422681423964,0.13592076301574707,0.07619309425354004,0.0100039,0.009545200576530827,0.09574219483007086,0
1048576,9,Idle,Medium,WLAN,54.77932818070039,48.9400139776763,0.13559579849243164,0.07627987861633301,0.050007800000000005,0.011282893188743533,0.13757057180507654,0
1048576,9,Idle,Critical,LAN,59.74595388954841,19.05249949095373,0.13579487800598145,0.08795785903930664,0.0100039,0.008346698709483649,0.10630845774879029,1
1048576,9,Idle,Critical,WLAN,54.91809763937303,3.976705961896021,0.13567662239074707,0.07745194435119629,0.050007800000000005,0.019245883577817542,0.14670562792901382,1
1048576,9,Medium,Idle,LAN,30.938494949238184,68.06175048626227,0.13536882400512695,0.07640433311462402,0.0100039,0.014550572023413803,0.10095880513803782,1
1048576,9,Medium,Idle,WLAN,34.13236992726862,72.7351070589453,0.13606882095336914,0.07695531845092773,0.050007800000000005,0.012689631985660518,0.13965275043658826,1
1048576,9,Medium,Medium,LAN,30.309050737310912,36.90229671710894,0.13596224784851074,0.07695126533508301,0.0100039,0.012234718726131733,0.09918988406121473,1
1048576,9,Medium,Medium,WLAN,21.091793714134518,32.75590989670074,0.13665533065795898,0.08831524848937988,0.050007800000000005,0.007989157319635811,0.1463122058090157,1
1048576,9,Medium,Critical,LAN,32.201734928564406,2.4294282942768786,0.13658523559570312,0.07709217071533203,0.0100039,0.016603455473654282,0.10369952618898631,1
1048576,9,Medium,Critical,WLAN,46.93520616530366,15.028820586953985,0.13619303703308105,0.07597780227661133,0.050007800000000005,0.010936458120894211,0.13692206039750554,1
1048576,9,Critical,Idle,LAN,6.401724742412633,62.13965094231713,0.13405871391296387,0.07699275016784668,0.0100039,0.019100585062971957,0.10609723523081863,1
1048576,9,Critical,Idle,WLAN,19.93777464057039,56.494646353072696,0.1358194351196289,0.07687258720397949,0.050007800000000005,0.012794043935906177,0.13967443113988565,1
1048576,9,Critical,Medium,LAN,14.032178867800528,34.487624473854254,0.1485731601715088,0.07788848876953125,0.0100039,0.013457032510488708,0.10134942128001995,1
1048576,9,Critical,Medium,WLAN,15.439135198128525,42.80265835966825,0.13656044006347656,0.07676053047180176,0.050007800000000005,0.007552160979425715,0.13432049145122746,1
1048576,9,Critical,Critical,LAN,6.858989331037084,5.269544330695551,0.1366720199584961,0.0778813362121582,0.0100038,0.016143517326867394,0.1040286535390256,1
1048576,9,Critical,Critical,WLAN,7.252748765761039,16.15564492505468,0.13616275787353516,0.0762321949005127,0.050007600000000006,0.006169325058047718,0.13240911995856042,1
1048576,12,Idle,Idle,LAN,75.47796268279757,63.10469864676398,0.1622629165649414,0.08907628059387207,0.0100039,0.014588832314144533,0.11366901290801659,1
1048576,12,Idle,Idle,WLAN,73.7587769868327,55.361116800522154,0.16428899765014648,0.07868027687072754,0.050007800000000005,0.012636018228051993,0.14132409509877952,0
1048576,12,Idle,Medium,LAN,52.32679036334986,29.576536247618176,0.1614391803741455,0.07837915420532227,0.0100039,0.010762410559073517,0.09914546476439579,1
1048576,12,Idle,Medium,WLAN,61.587836987859106,37.669003947919244,0.16150641441345215,0.07816791534423828,0.050007800000000005,0.019780133252939428,0.1479558485971777,1
1048576,12,Idle,Critical,LAN,61.5146544264761,3.716870630923721,0.1613163948059082,0.08818602561950684,0.0100039,0.013201621239933087,0.11139154685943992,1
1048576,12,Idle,Critical,WLAN,66.40929624868973,0.6623676801122302,0.1610546112060547,0.07859563827514648,0.050007800000000005,0.017282605918617498,0.14588604419376397,1
1048576,12,Medium,Idle,LAN,44.316733228731024,72.58233674840469,0.16088557243347168,0.07883024215698242,0.0100039,0.007457514494290034,0.09629165665127246,0
1048576,12,Medium,Idle,WLAN,43.40426556932337,71.0088916612419,0.1606278419494629,0.07943177223205566,0.050007800000000005,0.00837978815785587,0.13781936038991152,0
1048576,12,Medium,Medium,LAN,38.57818584340228,41.205141426053714,0.1604464054107666,0.08872342109680176,0.0100039,0.015128980426633708,0.11385630152343545,1
1048576,12,Medium,Medium,WLAN,46.209565768516065,23.95484853813012,0.16093897819519043,0.07843756675720215,0.050007800000000005,0.010828455534975755,0.13927382229217788,1
1048576,12,Medium,Critical,LAN,44.22265306166362,9.46378272333119,0.16071367263793945,0.07960367202758789,0.0100039,0.014793850535375946,0.10440142256296384,1
1048576,12,Medium,Critical,WLAN,43.91846873972206,10.882598986194232,0.16045713424682617,0.07857489585876465,0.050007800000000005,0.012513853791549165,0.14109654965031382,1
1048576,12,Critical,Idle,LAN,19.133034887939065,70.2957905191412,0.1591968536376953,0.08895421028137207,0.0100039,0.015588527292055239,0.11454663757342731,1
1048576,12,Critical,Idle,WLAN,14.052721912782857,53.06286573551857,0.16214418411254883,0.07954764366149902,0.050007800000000005,0.011722044641324217,0.14127748830282322,1
1048576,12,Critical,Medium,LAN,8.771303667572422,47.009786286501324,0.16057562828063965,0.07895350456237793,0.0100039,0.019760313461764836,0.10871771802414276,1
1048576,12,Critical,Medium,WLAN,4.488287910082651,33.80718500495297,0.16101789474487305,0.07933211326599121,0.050007800000000005,0.010172205272351322,0.13951211853834253,1
1048576,12,Critical,Critical,LAN,0.4468030461835615,5.323523734794497,0.16197776794433594,0.08995413780212402,0.0100039,0.013468477290765338,0.11342651509288935,1
1048576,12,Critical,Critical,WLAN,1.7582082483595585,1.3167187545615122,0.1619265079498291,0.07904839515686035,0.050007800000000005,0.014043904265105198,0.14310009942196555,1
1048576,20,Idle,Idle,LAN,65.39471109633078,76.65437198094622,0.22836518287658691,0.08427906036376953,0.0100039,0.01711047071531613,0.11139343107908566,1
1048576,20,Idle,Idle,WLAN,58.4962544654552,51.18210539280985,0.22883129119873047,0.09282922744750977,0.050007800000000005,0.01534649100774716,0.1581835184552569,0
1048576,20,Idle,Medium,LAN,65.36113644559929,28.71853022948318,0.22886323928833008,0.08585214614868164,0.0100039,0.01734791281635035,0.11320395896503199,1
1048576,20,Idle,Medium,WLAN,79.34884409214112,42.568663337618425,0.22794008255004883,0.08589887619018555,0.050007800000000005,0.012584083005751014,0.14849075919593654,0
1048576,20,Idle,Critical,LAN,72.62928120051134,5.113341339083155,0.22861480712890625,0.0947718620300293,0.0100038,0.010266817999126723,0.11504248002915603,1
1048576,20,Idle,Critical,WLAN,58.53616055246751,8.124117120765764,0.23058366775512695,0.08625411987304688,0.050007800000000005,0.019466715477464893,0.15572863535051176,1
1048576,20,Medium,Idle,LAN,39.6560787287118,52.60660415219766,0.22823429107666016,0.08723258972167969,0.0100039,0.015888823309405813,0.1131253130310855,1
1048576,20,Medium,Idle,WLAN,23.70296390285714,69.16949247876386,0.22881054878234863,0.0920562744140625,0.050007600000000006,0.005539572152037237,0.14760344656609975,1
1048576,20,Medium,Medium,LAN,36.76131080909811,43.865427285391505,0.22868084907531738,0.08591675758361816,0.0100039,0.006076106592895695,0.10199676417651385,1
1048576,20,Medium,Medium,WLAN,42.95292211773014,36.24365256235994,0.2277376651763916,0.08570623397827148,0.050007800000000005,0.013375341197768325,0.1490893751760398,1
1048576,20,Medium,Critical,LAN,40.40298168293282,13.125002884464191,0.22833800315856934,0.2701129913330078,0.0100038,0.0050096218624418945,0.28512641319544973,1
1048576,20,Medium,Critical,WLAN,23.299373089134562,8.138225714622084,0.2273406982421875,0.08500266075134277,0.050007800000000005,0.014811035900468832,0.1498214966518116,1
1048576,20,Critical,Idle,LAN,10.614261535194826,59.417471619606374,0.22792291641235352,0.0856168270111084,0.0100038,0.013399520143430054,0.10902014715453846,1
1048576,20,Critical,Idle,WLAN,5.1815603928068565,55.18868547282191,0.22720718383789062,0.09414958953857422,0.050007800000000005,0.00910992253337754,0.15326731207195174,1
1048576,20,Critical,Medium,LAN,5.457690189089792,38.676013037461196,0.22876834869384766,0.08611607551574707,0.0100039,0.007139117981976538,0.10325909349772361,1
1048576,20,Critical,Medium,WLAN,2.4500285527974364,21.383969574688674,0.22835946083068848,0.08560872077941895,0.050007800000000005,0.009688091190011093,0.14530461196943004,1
1048576,20,Critical,Critical,LAN,12.064326038794949,2.5410730338564824,0.2350907325744629,0.08414340019226074,0.0100039,0.018412258307425405,0.11255955849968614,1
1048576,20,Critical,Critical,WLAN,9.768863142087575,14.434209395755083,0.2281191349029541,0.08425116539001465,0.050007800000000005,0.019839974978660854,0.1540989403686755,1
1048576,30,Idle,Idle,LAN,78.63488596143762,57.55550385625637,0.3125782012939453,0.09294009208679199,0.0100039,0.01950996381571775,0.12245395590250974,0
1048576,30,Idle,Idle,WLAN,51.12614664391731,78.5191484332997,0.3118152618408203,0.09401726722717285,0.050007800000000005,0.011545991390118273,0.15557105861729112,0
1048576,30,Idle,Medium,LAN,67.86809513936183,38.77177700276659,0.3140738010406494,0.09310674667358398,0.0100039,0.011736379575199867,0.11484702624878385,1
1048576,30,Idle,Medium,WLAN,77.69670172642446,43.19177788985306,0.31835031509399414,0.09553956985473633,0.050007800000000005,0.010797056328165662,0.15634442618290198,0
1048576,30,Idle,Critical,LAN,53.06891699618158,1.5222857249163546,0.31250429153442383,0.09523820877075195,0.0100039,0.011713739258164966,0.11695584802891691,1
1048576,30,Idle,Critical,WLAN,78.18952672737647,8.03578609264347,0.31940531730651855,0.09443521499633789,0.050007800000000005,0.011292310809456443,0.15573532580579433,1
1048576,30,Medium,Idle,LAN,23.309798545328427,74.67954560109246,0.312516450881958,0.09457850456237793,0.0100039,0.006186504626598557,0.11076890918897649,1
1048576,30,Medium,Idle,WLAN,25.12832092186557,63.19246675503652,0.3200063705444336,0.09728455543518066,0.050007800000000005,0.01890842913950668,0.16620078457468734,1
1048576,30,Medium,Medium,LAN,41.03092248704091,41.88337918886875,0.31133270263671875,0.09312057495117188,0.0100039,0.012081181069080937,0.1152056560202528,0
1048576,30,Medium,Medium,WLAN,29.074472258310394,33.22433922050244,0.31145691871643066,0.10225510597229004,0.050007800000000005,0.01459164757033906,0.1668545535426291,1
1048576,30,Medium,Critical,LAN,29.256290574340195,11.09536414679293,0.3108336925506592,0.09458017349243164,0.0100039,0.015150170151309268,0.11973424364374091,1
1048576,30,Medium,Critical,WLAN,48.854387659711456,14.507380570838926,0.31195569038391113,0.10011887550354004,0.050007800000000005,0.006012054375499782,0.15613872987903982,1
1048576,30,Critical,Idle,LAN,4.1854435643474,55.234174030424015,0.3115966320037842,0.09252119064331055,0.0100039,0.015869289454360138,0.11839438009767068,1
1048576,30,Critical,Idle,WLAN,2.019481758884971,51.50777880311351,0.31191396713256836,0.10131669044494629,0.050007800000000005,0.006773589233056124,0.1580980796780024,1
1048576,30,Critical,Medium,LAN,1.7201858810443715,32.291691328096746,0.31185340881347656,0.09288835525512695,0.0100039,0.019494735596563402,0.12238699085169036,1
1048576,30,Critical,Medium,WLAN,10.559909642750158,22.390983388711337,0.3108537197113037,0.10244631767272949,0.050007800000000005,0.005595627238616624,0.1580497449113461,1
1048576,30,Critical,Critical,LAN,4.205184070680321,3.2949256801832094,0.3133554458618164,0.09444022178649902,0.0100039,0.014396391076797778,0.1188405128632968,1
1048576,30,Critical,Critical,WLAN,10.472045875325659,17.044944130323103,0.31198954582214355,0.09347367286682129,0.050007800000000005,0.018419864824988055,0.16190133769180934,1
1048576,50,Idle,Idle,LAN,76.87271117764945,68.13874135395339,0.4837961196899414,0.1106717586517334,0.0100038,0.01230247814511062,0.13297803679684403,1
1048576,50,Idle,Idle,WLAN,58.97097728166135,63.43088911174984,0.49101758003234863,0.11248612403869629,0.050007800000000005,0.007350930518805055,0.16984485455750134,0
1048576,50,Idle,Medium,LAN,58.8329949270357,39.01476331837782,0.4832642078399658,0.11740827560424805,0.0100039,0.006672970641672808,0.13408514624592086,1
1048576,50,Idle,Medium,WLAN,67.80758180736336,41.66450979357752,0.4833254814147949,0.11169195175170898,0.050007800000000005,0.005228376721788044,0.16692812847349703,0
1048576,50,Idle,Critical,LAN,52.02662367884328,12.3777690950442,0.48907971382141113,0.11155247688293457,0.0100039,0.008014456723038101,0.12957083360597266,1
1048576,50,Idle,Critical,WLAN,57.7797470265744,1.8277867633026768,0.4834001064300537,0.1151585578918457,0.050007600000000006,0.018427674688439106,0.18359383258028483,1
1048576,50,Medium,Idle,LAN,34.64526998900345,77.75701760435663,0.4845600128173828,0.11129164695739746,0.0100039,0.013541940735792627,0.1348374876931901,1
1048576,50,Medium,Idle,WLAN,48.533522430274836,53.90635099277767,0.48354411125183105,0.11153388023376465,0.050007800000000005,0.018684870616596908,0.18022655085036154,0
1048576,50,Medium,Medium,LAN,29.203176832792234,23.470173801208116,0.48772454261779785,0.11292266845703125,0.0100039,0.011871684523652018,0.13479825298068326,1
1048576,50,Medium,Medium,WLAN,34.769803257969436,39.37823825030601,0.4849228858947754,0.11562466621398926,0.050007800000000005,0.016335268534391986,0.18196773474838124,1
1048576,50,Medium,Critical,LAN,41.81998654035452,2.96043099703144,0.4833340644836426,0.11023306846618652,0.0100039,0.008038217581436241,0.12827518604762275,1
1048576,50,Medium,Critical,WLAN,45.85553708057638,17.83211406630971,0.4921102523803711,0.11198306083679199,0.050007800000000005,0.014457710853807103,0.17644857169059908,1
1048576,50,Critical,Idle,LAN,11.838069046021467,73.76015788849838,0.48285365104675293,0.11502766609191895,0.0100039,0.018486172344622145,0.1435177384365411,1
1048576,50,Critical,Idle,WLAN,2.6013295061760666,71.37833286111557,0.4846775531768799,0.11384034156799316,0.050007800000000005,0.008623023597468225,0.17247116516546138,1
1048576,50,Critical,Medium,LAN,1.5100641732398357,40.674455731934984,0.48304009437561035,0.10982871055603027,0.0100039,0.018743719168055336,0.1385763297240856,1
1048576,50,Critical,Medium,WLAN,16.92617429157238,44.5841956123388,0.4883544445037842,0.11099863052368164,0.050007800000000005,0.010008338167904026,0.17101476869158566,1
1048576,50,Critical,Critical,LAN,13.966642412117773,14.775471293404998,0.48325467109680176,0.11440753936767578,0.0100039,0.0100651230762668,0.13447656244394257,1
1048576,50,Critical,Critical,WLAN,8.488152141295753,18.52763322699594,0.48238515853881836,0.11098265647888184,0.050007800000000005,0.00961466749200238,0.1706051239708842,1
1048576,100,Idle,Idle,LAN,70.24563203388908,75.53883956964977,1.093611240386963,0.15584516525268555,0.0100039,0.006974451647305846,0.1728235168999914,1
1048576,100,Idle,Idle,WLAN,70.38260385178387,74.14295324915844,0.9266467094421387,0.15807819366455078,0.050007800000000005,0.01041035072999685,0.21849634439454763,1
1048576,100,Idle,Medium,LAN,59.31503950576602,34.212035417590144,0.9271600246429443,0.15363812446594238,0.0100039,0.005477648459205568,0.16911967292514796,1
1048576,100,Idle,Medium,WLAN,59.53810736894785,48.816202225796715,0.9308245182037354,0.15720129013061523,0.050007800000000005,0.008597000749323852,0.21580609087993907,0
1048576,100,Idle,Critical,LAN,75.94130539905876,9.468009005038367,0.9228286743164062,0.15680599212646484,0.0100039,0.01349524435842132,0.18030513648488616,1
1048576,100,Idle,Critical,WLAN,56.237495698379306,15.732569900481781,0.9279758930206299,0.15299415588378906,0.050007800000000005,0.013868282454485632,0.21687023833827468,1
1048576,100,Medium,Idle,LAN,41.03447939997005,66.21215465746307,0.9275960922241211,0.15543222427368164,0.0100039,0.006624812602196524,0.17206093687587817,0
1048576,100,Medium,Idle,WLAN,35.012109656247205,79.06918277600336,0.9226937294006348,0.15716910362243652,0.050007800000000005,0.012509403700445773,0.2196863073228823,1
1048576,100,Medium,Medium,LAN,22.895726706741907,26.690022378905468,0.9244894981384277,0.15413880348205566,0.0100039,0.017437550722338515,0.1815802542043942,1
1048576,100,Medium,Medium,WLAN,33.216071997463196,37.78752132381072,0.9262449741363525,0.15574908256530762,0.050007800000000005,0.008937435128160292,0.2146943176934679,1
1048576,100,Medium,Critical,LAN,48.2038892717784,4.915561272971745,0.9233765602111816,0.15840578079223633,0.0100039,0.015497040474498826,0.18390672126673516,1
1048576,100,Medium,Critical,WLAN,31.13713099708073,9.047379727640028,0.9258060455322266,0.15253853797912598,0.050007800000000005,0.016005881357014595,0.21855221933614055,1
1048576,100,Critical,Idle,LAN,1.9843235575801987,71.81669454595115,0.9268820285797119,0.1544017791748047,0.0100038,0.009354007245131163,0.17375958641993586,1
1048576,100,Critical,Idle,WLAN,3.780629118747747,68.81073909396102,0.9189229011535645,0.15638089179992676,0.050007800000000005,0.01125885557096891,0.21764754737089564,1
1048576,100,Critical,Medium,LAN,4.663780064142216,30.857340862579463,1.103046178817749,0.15288543701171875,0.0100039,0.014303989283574507,0.17719332629529327,1
1048576,100,Critical,Medium,WLAN,17.123533733623844,39.31188412523183,0.9258410930633545,0.15587115287780762,0.050007800000000005,0.01582742920648667,0.22170638208429427,1
1048576,100,Critical,Critical,LAN,0.676696906200509,6.808550909059137,0.9246337413787842,0.1583881378173828,0.0100038,0.008285244848161668,0.1766771826655445,1
1048576,100,Critical,Critical,WLAN,17.07098734137799,10.87537696678729,0.9285910129547119,0.15512442588806152,0.050007800000000005,0.01065154006865551,0.21578376595671703,1
1048576,250,Idle,Idle,LAN,74.32760742488163,79.56125296340474,2.2910537719726562,0.2901132106781006,0.0100038,0.006143158468216192,0.30626016914631676,1
1048576,250,Idle,Idle,WLAN,51.21628900591426,63.52688404340854,2.2909939289093018,0.28835153579711914,0.050007800000000005,0.008692120786656616,0.34705145658377573,0
1048576,250,Idle,Medium,LAN,65.73071148799704,31.1127139601712,2.2940032482147217,0.2896084785461426,0.0100038,0.013687939989738242,0.3133002185358808,1
1048576,250,Idle,Medium,WLAN,72.26074522403812,32.12770296602815,2.2962353229522705,0.2886207103729248,0.050007600000000006,0.011703142916839077,0.3503314532897639,1
1048576,250,Idle,Critical,LAN,79.68386268837605,2.384721330330759,2.292328119277954,0.2851121425628662,0.0100038,0.01152357184036641,0.3066395144032326,1
1048576,250,Idle,Critical,WLAN,76.02748164295737,18.389817352734315,2.4808130264282227,0.28960156440734863,0.050007800000000005,0.005345153961432973,0.3449545183687816,1
1048576,250,Medium,Idle,LAN,45.990698820113096,73.44731875290582,2.2883284091949463,0.29235339164733887,0.0100039,0.013166927366438392,0.31552421901377725,0
1048576,250,Medium,Idle,WLAN,44.24687540060948,78.06221056364734,2.2936458587646484,0.2905430793762207,0.050007600000000006,0.005007478501716722,0.3455581578779374,0
1048576,250,Medium,Medium,LAN,32.22112021558769,22.783160105969028,2.288757085800171,0.29012608528137207,0.0100039,0.01710992821827425,0.3172399134996463,1
1048576,250,Medium,Medium,WLAN,41.996028529403404,39.28521397239932,2.295555830001831,0.2921016216278076,0.050007600000000006,0.008744166132135453,0.35085338775994307,1
1048576,250,Medium,Critical,LAN,37.25146681595896,9.665665423530008,2.291820764541626,0.2877614498138428,0.0100038,0.009973849387836338,0.30773909920167913,1
1048576,250,Medium,Critical,WLAN,25.743214515585507,17.055867424975368,2.2963459491729736,0.47593164443969727,0.050007800000000005,0.013171972048444835,0.5391114164881421,1
1048576,250,Critical,Idle,LAN,5.1605811352489095,63.62438830934019,2.28959321975708,0.29075145721435547,0.0100039,0.014459250561496252,0.31521460777585175,1
1048576,250,Critical,Idle,WLAN,10.920008700125255,54.37424362113051,2.2891104221343994,0.29023170471191406,0.050007800000000005,0.008762144524595634,0.34900164923650967,1
1048576,250,Critical,Medium,LAN,14.502907659666368,31.024183623607342,2.2921814918518066,0.292588472366333,0.0100037,0.007189876293828281,0.3097820486601613,1
1048576,250,Critical,Medium,WLAN,2.6054999140271895,36.4765933358685,2.2901580333709717,0.2924211025238037,0.050007600000000006,0.009234078602878781,0.3516627811266825,1
1048576,250,Critical,Critical,LAN,9.455165788883708,9.987497541904647,2.2938637733459473,0.28937816619873047,0.0100039,0.019567421525170502,0.31894948772390097,1
1048576,250,Critical,Critical,WLAN,8.804659015388822,8.496565337517413,2.2904703617095947,0.2850306034088135,0.050007600000000006,0.01743451060608889,0.3524727140149024,1
1048576,500,Idle,Idle,LAN,67.24177707522507,63.55276151973149,4.9173054695129395,0.5216047763824463,0.0100038,0.005453801765444616,0.5370623781478909,1
1048576,500,Idle,Idle,WLAN,78.8942325688009,77.04240401857743,4.7273125648498535,0.5168106555938721,0.050007600000000006,0.007662363575329398,0.5744806191692015,1
1048576,500,Idle,Medium,LAN,71.4490566708236,36.28695015450482,4.717623949050903,0.5187745094299316,0.0100038,0.011860362594660764,0.5406386720245924,1
1048576,500,Idle,Medium,WLAN,57.365677967723784,30.597359176134667,4.723126173019409,0.7338247299194336,0.050007600000000006,0.015778648779552606,0.7996109786989862,1
1048576,500,Idle,Critical,LAN,57.0702740217974,16.622694701167017,4.715841770172119,0.5260529518127441,0.0100038,0.007425424028360715,0.5434821758411048,1
1048576,500,Idle,Critical,WLAN,67.76806570403348,16.44647355983506,4.716808795928955,0.5299947261810303,0.050007600000000006,0.01064909052588103,0.5906514167069113,1
1048576,500,Medium,Idle,LAN,40.46910029238971,77.31400333001574,4.721812963485718,0.5164964199066162,0.0100038,0.009735827088811539,0.5362360469954277,0
1048576,500,Medium,Idle,WLAN,40.98072999936386,57.54225302778068,4.943726062774658,0.5231046676635742,0.050007600000000006,0.013539614979585883,0.5866518826431601,0
1048576,500,Medium,Medium,LAN,24.258373649488842,28.30546687067774,4.715875625610352,0.522005558013916,0.0100037,0.014575000623835037,0.546584258637751,1
1048576,500,Medium,Medium,WLAN,46.83398756554906,43.362530609756746,4.722799062728882,0.5239622592926025,0.050007600000000006,0.011133911016743027,0.5851037703093456,0
1048576,500,Medium,Critical,LAN,25.040604059915214,11.813942663865758,4.723966598510742,0.737238883972168,0.0100037,0.012134665415740832,0.7593772493879087,1
1048576,500,Medium,Critical,WLAN,46.88764694869421,7.186784970693656,4.726513862609863,0.5271937847137451,0.050007600000000006,0.01563534918197141,0.5928367338957166,1
1048576,500,Critical,Idle,LAN,19.801681724873944,71.22170554947114,4.7201087474823,0.527590274810791,0.0100037,0.01699943960203773,0.5545934144128287,1
1048576,500,Critical,Idle,WLAN,19.38165416995283,74.76645608993675,4.724874019622803,0.5295093059539795,0.050007600000000006,0.019417250039388538,0.5989341559933681,1
1048576,500,Critical,Medium,LAN,13.327991825603792,36.29684813294046,4.94071102142334,0.518714427947998,0.0100037,0.010762125529127864,0.5394802534771259,1
1048576,500,Critical,Medium,WLAN,16.587236725204143,24.56592706452122,4.7197182178497314,0.5198111534118652,0.050007600000000006,0.012340480515686932,0.5821592339275522,1
1048576,500,Critical,Critical,LAN,11.452745841597864,3.2702802761851557,4.727348327636719,0.5204672813415527,0.0100038,0.012960276517402274,0.543431357858955,1
1048576,500,Critical,Critical,WLAN,9.397601919458598,10.273877997033122,4.727082967758179,0.741070032119751,0.0500074,0.008534717794521505,0.7996121499142725,1
10485760,2,Idle,Idle,LAN,69.10882880773704,74.93851943229683,0.07698774337768555,0.07331585884094238,0.0100039,0.01641226842416962,0.099732027265112,0
10485760,2,Idle,Idle,WLAN,62.11183987945168,65.64922275131562,0.07607436180114746,0.07171034812927246,0.050007800000000005,0.008528908362597253,0.1302470564918697,0
10485760,2,Idle,Medium,LAN,58.13604245844064,48.48587249414828,0.07797598838806152,0.06953024864196777,0.0100039,0.007479961135179406,0.08701410977714717,0
10485760,2,Idle,Medium,WLAN,57.26669346279508,23.42066042239357,0.07753252983093262,0.07156133651733398,0.050007800000000005,0.009455768584213937,0.13102490510154793,0
10485760,2,Idle,Critical,LAN,77.13072954711112,12.997055057996725,0.07824039459228516,0.06887102127075195,0.0100039,0.006754365794948872,0.08562928706570082,0
10485760,2,Idle,Critical,WLAN,59.92798987254158,2.3551720245536134,0.07704734802246094,0.07163548469543457,0.050007800000000005,0.007721623665792279,0.12936490836122685,0
10485760,2,Medium,Idle,LAN,28.117875897539946,70.91894475409875,0.07920956611633301,0.0706028938293457,0.0100038,0.019458056348963575,0.10006475017830929,0
10485760,2,Medium,Idle,WLAN,22.627743759035504,72.44429227853718,0.0787515640258789,0.07054543495178223,0.050007800000000005,0.006067571399981167,0.1266208063517634,0
10485760,2,Medium,Medium,LAN,28.72835370170645,48.49771425033586,0.07619118690490723,0.08011436462402344,0.0100039,0.014119413565006865,0.10423767818903029,0
10485760,2,Medium,Medium,WLAN,48.81989400579779,39.9669334934795,0.07834815979003906,0.07078218460083008,0.050007800000000005,0.009321200029560824,0.1301111846303909,0
10485760,2,Medium,Critical,LAN,32.68945519641024,8.027543578747,0.07643914222717285,0.07197690010070801,0.0100039,0.010148979389388049,0.09212977949009606,0
10485760,2,Medium,Critical,WLAN,28.439559892034897,6.148185720684802,0.0789194107055664,0.07038187980651855,0.050007800000000005,0.010851370189872828,0.13124104999639138,0
10485760,2,Critical,Idle,LAN,13.32757558566332,67.8965756521418,0.07731127738952637,0.07166862487792969,0.0100039,0.010058143908881111,0.0917306687868108,0
10485760,2,Critical,Idle,WLAN,9.171129065779356,67.82407454765382,0.07800722122192383,0.0699007511138916,0.050007600000000006,0.006190328625946869,0.1260986797398385,0
10485760,2,Critical,Medium,LAN,1.7000701971464238,29.605320193584625,0.07707977294921875,0.07165932655334473,0.0100039,0.00855114358257669,0.09021437013592142,0
10485760,2,Critical,Medium,WLAN,19.732445192196852,31.182031311006337,0.07865238189697266,0.07032012939453125,0.050007800000000005,0.009098220156748707,0.12942614955127996,0
10485760,2,Critical,Critical,LAN,5.507058497058416,5.480134678877624,0.08661007881164551,0.06974387168884277,0.0100039,0.010817270580827295,0.09056504226967006,0
10485760,2,Critical,Critical,WLAN,15.047538939443916,16.118924539786587,0.07610154151916504,0.06977581977844238,0.050007800000000005,0.0165482984557869,0.1363319182342293,0
10485760,4,Idle,Idle,LAN,70.70244568473771,71.8689674894151,0.09407639503479004,0.07084465026855469,0.0100039,0.006945796302272227,0.08779434657082691,0
10485760,4,Idle,Idle,WLAN,65.28365763555229,71.76967266739557,0.09471297264099121,0.07045912742614746,0.050007800000000005,0.018294435919443235,0.1387613633455907,0
10485760,4,Idle,Medium,LAN,64.67842129593052,40.02960798414952,0.09251236915588379,0.07255768775939941,0.0100039,0.01779729292812324,0.10035888068752265,0
10485760,4,Idle,Medium,WLAN,55.512548066102795,25.204099006555857,0.09298276901245117,0.0728464126586914,0.050007600000000006,0.009449866320023138,0.13230387897871457,0
10485760,4,Idle,Critical,LAN,53.15058598226703,18.943945310376698,0.09490466117858887,0.07248663902282715,0.0100039,0.01679386827649623,0.09928440729932338,0
10485760,4,Idle,Critical,WLAN,57.91466486749381,9.370286570558385,0.10528755187988281,0.07355523109436035,0.050007800000000005,0.01979349924408721,0.14335653033844756,0
10485760,4,Medium,Idle,LAN,28.11750365322903,69.21942749310172,0.0940694808959961,0.07084894180297852,0.0100039,0.01525251382121657,0.09610535562419509,0
10485760,4,Medium,Idle,WLAN,39.00347439934261,53.841976474027916,0.09373593330383301,0.07034611701965332,0.050007800000000005,0.011483994496511045,0.13183791151616436,0
10485760,4,Medium,Medium,LAN,29.261491357278516,49.624854722100395,0.0935356616973877,0.07250499725341797,0.0100039,0.014689235004663733,0.0971981322580817,0
10485760,4,Medium,Medium,WLAN,26.05121033139166,45.87272257357441,0.0930016040802002,0.07307624816894531,0.050007800000000005,0.008095289345463517,0.13117933751440883,0
10485760,4,Medium,Critical,LAN,32.73862122196975,10.37708517957739,0.09505677223205566,0.07277369499206543,0.0100039,0.014768245546917733,0.09754584053898316,0
10485760,4,Medium,Critical,WLAN,44.548982876467875,14.07600143132689,0.0951242446899414,0.08392882347106934,0.050007800000000005,0.006380554044055912,0.14031717751512524,0
10485760,4,Critical,Idle,LAN,6.234465989905463,79.32036730615633,0.09552168846130371,0.07155132293701172,0.0100039,0.01832686021040322,0.09988208314741494,0
10485760,4,Critical,Idle,WLAN,1.886234182103721,61.10709616446468,0.09455609321594238,0.07167196273803711,0.050007800000000005,0.008111385130531624,0.12979114786856874,0
10485760,4,Critical,Medium,LAN,9.51015402450411,30.425749866958782,0.09304928779602051,0.07270240783691406,0.0100039,0.009579960177404017,0.09228626801431808,0
10485760,4,Critical,Medium,WLAN,16.27415120460767,21.935972397314043,0.0940849781036377,0.07310295104980469,0.050007800000000005,0.018662680721228567,0.14177343177103327,0
10485760,4,Critical,Critical,LAN,8.856434605592408,1.032098138180939,0.09317994117736816,0.07231020927429199,0.0100039,0.00593041214145956,0.08824452141575155,0
10485760,4,Critical,Critical,WLAN,10.578055617874725,9.040403028005672,0.09479737281799316,0.07271862030029297,0.050007800000000005,0.00970550236965024,0.13243192266994322,0
10485760,5,Idle,Idle,LAN,63.54314423276496,75.0067464643538,0.11371922492980957,0.07221770286560059,0.0100039,0.013460288228334196,0.09568189109393478,1
10485760,5,Idle,Idle,WLAN,78.45789514089984,77.6059582211158,0.10296297073364258,0.07314419746398926,0.050007800000000005,0.017311771171998478,0.14046376863598775,0
10485760,5,Idle,Medium,LAN,57.725194429840386,29.25100657787493,0.10239410400390625,0.07245564460754395,0.0100039,0.012349252643262108,0.09480879725080604,1
10485760,5,Idle,Medium,WLAN,58.04407676881306,37.98784183008428,0.10106515884399414,0.07318568229675293,0.050007800000000005,0.016407221397186488,0.13960070369393943,1
10485760,5,Idle,Critical,LAN,71.78786144915595,4.220922680745818,0.10194969177246094,0.0740058422088623,0.0100038,0.014087296347457569,0.09809693855631987,1
10485760,5,Idle,Critical,WLAN,64.63846894743266,12.146790043115281,0.10149931907653809,0.0731801986694336,0.050007600000000006,0.017494429257917457,0.14068222792735108,1
10485760,5,Medium,Idle,LAN,32.85895837112342,73.41029828745182,0.11761093139648438,0.07400989532470703,0.0100039,0.00734123005391889,0.09135502537862591,1
10485760,5,Medium,Idle,WLAN,27.41220806164567,62.99210939435699,0.10344123840332031,0.07310199737548828,0.050007800000000005,0.01621134491318097,0.13932114228866926,1
10485760,5,Medium,Medium,LAN,38.817599962841925,35.16192023321432,0.10204744338989258,0.07331657409667969,0.0100039,0.009980961669282026,0.09330143576596171,1
10485760,5,Medium,Medium,WLAN,25.962113577134225,47.00821939118251,0.10314273834228516,0.07335209846496582,0.050007800000000005,0.01993718400578708,0.1432970824707529,1
10485760,5,Medium,Critical,LAN,30.62826513436302,16.19519631839109,0.10331177711486816,0.0734105110168457,0.0100038,0.013443616319566663,0.09685792733641238,1
10485760,5,Medium,Critical,WLAN,25.01064999272016,11.9462366612476,0.10423040390014648,0.07252812385559082,0.050007800000000005,0.019087267120396736,0.14162319097598755,1
10485760,5,Critical,Idle,LAN,4.6237140481903305,72.98579286877629,0.11437869071960449,0.07415485382080078,0.0100039,0.008673009978644473,0.09283176379944524,1
10485760,5,Critical,Idle,WLAN,14.001552771355962,57.03083189572761,0.10370421409606934,0.07306647300720215,0.050007800000000005,0.005568460690403253,0.1286427336976054,1
10485760,5,Critical,Medium,LAN,14.72127076041432,31.412735710676344,0.1032865047454834,0.07361769676208496,0.0100039,0.012461217625179054,0.09608281438726402,1
10485760,5,Critical,Medium,WLAN,18.349640269677923,47.004718881233764,0.10272717475891113,0.07298684120178223,0.050007800000000005,0.012618391955798693,0.13561303315758091,1
10485760,5,Critical,Critical,LAN,13.870103523097665,6.917686837738454,0.10381007194519043,0.07331347465515137,0.0100039,0.012972146518443476,0.09628952117359484,1
10485760,5,Critical,Critical,WLAN,1.7701515285772973,19.134848305240265,0.10325002670288086,0.07312846183776855,0.050007800000000005,0.012313531401920838,0.1354497932396894,1
10485760,9,Idle,Idle,LAN,52.368383710718106,53.979466098081204,0.14641356468200684,0.0777730941772461,0.0100038,0.007430393253996024,0.09520728743124213,0
10485760,9,Idle,Idle,WLAN,68.51927555403262,61.42197664180574,0.13537240028381348,0.07579278945922852,0.050007800000000005,0.01912773584878826,0.14492832530801678,0
10485760,9,Idle,Medium,LAN,59.69085393971561,44.82801560874579,0.13579440116882324,0.07673001289367676,0.0100039,0.016280139095827123,0.10301405198950388,0
10485760,9,Idle,Medium,WLAN,78.9160433196285,46.65516067360629,0.13646245002746582,0.07621192932128906,0.050007800000000005,0.009338725139072628,0.1355584544603617,0
10485760,9,Idle,Critical,LAN,72.69421588140308,14.266798727613445,0.13583755493164062,0.08833694458007812,0.0100039,0.008840155442277365,0.10718100002235549,1
10485760,9,Idle,Critical,WLAN,75.00590602766331,4.530650079113149,0.13460373878479004,0.07751226425170898,0.050007800000000005,0.0074406079671255395,0.1349606722188345,1
10485760,9,Medium,Idle,LAN,28.17231185262731,58.90876133033727,0.13576865196228027,0.0766305923461914,0.0100038,0.01820942413393195,0.10484381648012336,1
10485760,9,Medium,Idle,WLAN,30.64880608878336,58.335696748359844,0.13666915893554688,0.0763707160949707,0.050007600000000006,0.010928348477799218,0.13730666457276994,1
10485760,9,Medium,Medium,LAN,27.87089875496738,28.086747782246913,0.13478946685791016,0.07635664939880371,0.0100039,0.01860471507147044,0.10496526447027416,1
10485760,9,Medium,Medium,WLAN,25.30851359612216,47.329568834730296,0.13586902618408203,0.0873403549194336,0.050007600000000006,0.016109928320777237,0.15345788324021084,1
10485760,9,Medium,Critical,LAN,36.90513196219064,3.494752303438915,0.13587307929992676,0.07550621032714844,0.0100039,0.00668680254329506,0.09219691287044349,1
10485760,9,Medium,Critical,WLAN,22.198288308788033,4.65150292127271,0.13541054725646973,0.07648873329162598,0.050007800000000005,0.007723551570401034,0.134220084862027,1
10485760,9,Critical,Idle,LAN,0.3533929295322924,76.3430742618232,0.13564729690551758,0.07665133476257324,0.0100039,0.0067609486385260655,0.0934161834010993,1
10485760,9,Critical,Idle,WLAN,19.506458392473384,74.97448916530584,0.13595867156982422,0.07642078399658203,0.050007800000000005,0.01929286212920171,0.14572144612578372,1
10485760,9,Critical,Medium,LAN,8.377540847451401,22.652038052420178,0.1476750373840332,0.0767977237701416,0.0100038,0.005564018460228539,0.09236554223037015,1
10485760,9,Critical,Medium,WLAN,10.151718395166288,30.245901539690248,0.13596892356872559,0.07638144493103027,0.050007800000000005,0.016551104118380254,0.14294034904941053,1
10485760,9,Critical,Critical,LAN,0.06245842552388803,16.601905672470075,0.13585186004638672,0.07655596733093262,0.0100039,0.018996600783631877,0.10555646811456448,1
10485760,9,Critical,Critical,WLAN,7.7401908786890505,0.8679058431590292,0.13627052307128906,0.07673192024230957,0.050007800000000005,0.016914211909354538,0.1436539321516641,1
10485760,12,Idle,Idle,LAN,68.79487715400705,77.29077773149454,0.16162490844726562,0.08881473541259766,0.0100039,0.018181139877107226,0.11699977528970487,1
10485760,12,Idle,Idle,WLAN,66.96373885764336,71.45359186315996,0.16179537773132324,0.0780496597290039,0.050007600000000006,0.008420344424901697,0.1364776041539056,1
10485760,12,Idle,Medium,LAN,54.17072716980668,24.526035188775367,0.16175079345703125,0.07883405685424805,0.0100039,0.007874406231864233,0.09671236308611228,1
10485760,12,Idle,Medium,WLAN,57.53683239816574,48.37986636491384,0.16141724586486816,0.07790279388427734,0.050007800000000005,0.00925493241623973,0.13716552630051707,0
10485760,12,Idle,Critical,LAN,68.35330227138587,2.906445554454098,0.16082239151000977,0.08870220184326172,0.0100039,0.012424222970948532,0.11113032481421024,1
10485760,12,Idle,Critical,WLAN,78.05640714394698,1.712721897168148,0.16047000885009766,0.0796208381652832,0.050007600000000006,0.015279127445614434,0.14490756561089765,1
10485760,12,Medium,Idle,LAN,44.828248340556705,52.55664187086575,0.16057825088500977,0.07880043983459473,0.0100039,0.008755702364218312,0.09756004219881304,0
10485760,12,Medium,Idle,WLAN,37.35319869782214,67.56820404059263,0.15993261337280273,0.0792398452758789,0.050007600000000006,0.005568501052827445,0.13481594632870636,1
10485760,12,Medium,Medium,LAN,33.90763992454589,26.942875856449028,0.16041946411132812,0.08903288841247559,0.0100039,0.01506039521509285,0.11409718362756843,1
10485760,12,Medium,Medium,WLAN,38.02863988457693,34.19761863142233,0.15943026542663574,0.07736563682556152,0.050007800000000005,0.010825278160769062,0.13819871498633057,1
10485760,12,Medium,Critical,LAN,31.02992903049077,0.7455003372250757,0.16010546684265137,0.0794677734375,0.0100035,0.01528228590662033,0.10475355934412033,1
10485760,12,Medium,Critical,WLAN,40.81758708495704,8.578737931577606,0.16072726249694824,0.0785837173461914,0.050007600000000006,0.014975809464066087,0.14356712681025752,1
10485760,12,Critical,Idle,LAN,16.026453994321297,52.260233004159986,0.16043496131896973,0.08837652206420898,0.0100039,0.012972153449718783,0.11135257551392777,1
10485760,12,Critical,Idle,WLAN,2.1642889710180713,64.16224722333013,0.16191697120666504,0.07899308204650879,0.050007800000000005,0.014114193193071705,0.14311507523958047,1
10485760,12,Critical,Medium,LAN,6.460779663148957,42.50490574009297,0.16017532348632812,0.07763552665710449,0.0100039,0.011689328165539407,0.09932875482264389,1
10485760,12,Critical,Medium,WLAN,12.28511866878496,44.554556995519235,0.1596207618713379,0.07729387283325195,0.050007800000000005,0.016494598552291465,0.1437962713855434,1
10485760,12,Critical,Critical,LAN,14.563351248936598,16.47552300416239,0.16007757186889648,0.08821392059326172,0.0100039,0.011571564660895272,0.10978938525415699,1
10485760,12,Critical,Critical,WLAN,16.382860763370857,16.271562255778335,0.16007566452026367,0.0786447525024414,0.050007600000000006,0.013244433678652186,0.1418967861810936,1
10485760,20,Idle,Idle,LAN,58.73075451876461,71.1576782758189,0.2290332317352295,0.08522653579711914,0.0100039,0.006704181054328315,0.10193461685144745,0
10485760,20,Idle,Idle,WLAN,74.15523047244257,54.462289588523376,0.22859477996826172,0.09267044067382812,0.050007800000000005,0.013521968530154155,0.15620020920398228,0
10485760,20,Idle,Medium,LAN,57.18273701839619,34.76972649753441,0.2285616397857666,0.08545684814453125,0.0100039,0.008495969224622086,0.10395671736915334,1
10485760,20,Idle,Medium,WLAN,70.48270879418986,32.126362107755014,0.2280282974243164,0.08582830429077148,0.050007800000000005,0.009684409218023382,0.14552051350879486,1
10485760,20,Idle,Critical,LAN,60.03636603034176,8.830869621743545,0.22688531875610352,0.09481644630432129,0.0100039,0.018837462002710834,0.12365780830703212,1
10485760,20,Idle,Critical,WLAN,64.88263513657276,15.175180091241957,0.2287447452545166,0.08673429489135742,0.050007800000000005,0.011670228734609697,0.14841232362596712,1
10485760,20,Medium,Idle,LAN,36.82569147183763,60.6641919526769,0.22768664360046387,0.08764863014221191,0.0100039,0.011878571642458702,0.10953110178467061,1
10485760,20,Medium,Idle,WLAN,37.250246971185746,79.68804690949852,0.2284994125366211,0.09153938293457031,0.050007800000000005,0.016800157046215576,0.15834733998078587,1
10485760,20,Medium,Medium,LAN,43.08399699894865,28.82429589175426,0.22828030586242676,0.08579230308532715,0.0100039,0.0060594917798633486,0.1018556948651905,1
10485760,20,Medium,Medium,WLAN,24.485716476146216,27.707373343421654,0.22908854484558105,0.08672070503234863,0.050007800000000005,0.01227347194377193,0.14900197697612055,1
10485760,20,Medium,Critical,LAN,35.91182925997336,16.142487552976085,0.22641539573669434,0.0944218635559082,0.0100038,0.013649877297165065,0.11807554085307327,1
10485760,20,Medium,Critical,WLAN,21.62405951078045,5.365974762910861,0.22985577583312988,0.08595156669616699,0.050007800000000005,0.010068418525327671,0.14602778522149465,1
10485760,20,Critical,Idle,LAN,13.910385985459605,67.73658550194668,0.22704219818115234,0.08640146255493164,0.0100039,0.013625051633159736,0.11003041418809137,1
10485760,20,Critical,Idle,WLAN,5.025126898733044,64.56411362203802,0.23721694946289062,0.08512449264526367,0.050007800000000005,0.018281612799680668,0.15341390544494432,1
10485760,20,Critical,Medium,LAN,0.28186711786059027,40.23481106657729,0.2284712791442871,0.08501100540161133,0.0100039,0.012513511024555952,0.10752841642616728,1
10485760,20,Critical,Medium,WLAN,10.015305513814404,45.88537902684359,0.2280714511871338,0.08488917350769043,0.050007800000000005,0.01246906810841967,0.14736604161611008,1
10485760,20,Critical,Critical,LAN,3.874313009893746,1.6344240778521502,0.23880362510681152,0.08572578430175781,0.0100039,0.007817656209564448,0.10354734051132225,1
10485760,20,Critical,Critical,WLAN,13.408351396518112,15.379941293477263,0.2275857925415039,0.0863490104675293,0.050007600000000006,0.010845077613534884,0.1472016880810642,1
10485760,30,Idle,Idle,LAN,56.31603505559353,77.67938979307463,0.31153178215026855,0.10199499130249023,0.0100039,0.01482910263017058,0.1268279939326608,0
10485760,30,Idle,Idle,WLAN,79.66699044670985,76.34943215100495,0.4820425510406494,0.09415626525878906,0.050007800000000005,0.012876099783526086,0.15704016504231513,1
10485760,30,Idle,Medium,LAN,68.71557683327362,44.29532243644073,0.31195855140686035,0.0932626724243164,0.0100038,0.012772469655392006,0.11603894207970841,0
10485760,30,Idle,Medium,WLAN,51.035115987165725,30.342237141265237,0.31824302673339844,0.09308981895446777,0.050007800000000005,0.019896508507160113,0.1629941274616279,1
10485760,30,Idle,Critical,LAN,52.75232850462382,14.68501535485245,0.31189846992492676,0.09429526329040527,0.0100039,0.009284178316658634,0.1135833416070639,1
10485760,30,Idle,Critical,WLAN,65.34504904570757,15.58481627404987,0.3178269863128662,0.09458446502685547,0.050007800000000005,0.01716410067383288,0.16175636570068835,1
10485760,30,Medium,Idle,LAN,32.20387127312519,64.3849677050805,0.31145143508911133,0.0929567813873291,0.0100038,0.008333316675721915,0.11129389806305102,1
10485760,30,Medium,Idle,WLAN,31.495084132049996,52.4543729899049,0.3170332908630371,0.09464907646179199,0.050007800000000005,0.01378292774268738,0.15843980420447937,1
10485760,30,Medium,Medium,LAN,23.57103649624224,43.64009940358369,0.31280994415283203,0.09477829933166504,0.0100039,0.008891386875716995,0.11367358620738204,1
10485760,30,Medium,Medium,WLAN,47.285367941401816,33.973119082569895,0.31856775283813477,0.09308528900146484,0.050007800000000005,0.016521387183926334,0.15961447618539118,1
10485760,30,Medium,Critical,LAN,43.792564468011506,2.4462912935192516,0.30928730964660645,0.09407758712768555,0.0100039,0.00797681874976475,0.11205830587745029,1
10485760,30,Medium,Critical,WLAN,34.592909813898544,11.696368628446214,0.31194329261779785,0.09933900833129883,0.050007800000000005,0.016090346236814403,0.16543715456811323,1
10485760,30,Critical,Idle,LAN,14.581580861408334,69.13816418319897,0.31172943115234375,0.09451079368591309,0.0100039,0.00987223200636754,0.11438692569228062,1
10485760,30,Critical,Idle,WLAN,1.675570201152805,73.21768306887695,0.3110222816467285,0.10086321830749512,0.050007800000000005,0.007609559798447905,0.15848057810594302,1
10485760,30,Critical,Medium,LAN,9.185814203434916,23.88777869948495,0.3117642402648926,0.09389090538024902,0.0100039,0.006677867025220862,0.11057267240546988,1
10485760,30,Critical,Medium,WLAN,6.362199450845227,29.809020291300534,0.3116879463195801,0.10042953491210938,0.050007800000000005,0.01791465543682786,0.16835199034893722,1
10485760,30,Critical,Critical,LAN,9.896574635964761,3.9059736417318613,0.31312060356140137,0.09487628936767578,0.0100039,0.008308926304642443,0.11318911567231822,1
10485760,30,Critical,Critical,WLAN,14.470180257066406,1.3843551060317694,0.3127174377441406,0.0935356616973877,0.050007600000000006,0.014307692386745442,0.15785095408413316,1
10485760,50,Idle,Idle,LAN,56.9966686008068,78.48153245529781,0.4827733039855957,0.11126852035522461,0.0100039,0.015444189519251111,0.1367166098744757,0
10485760,50,Idle,Idle,WLAN,70.41978926921782,62.04052777627648,0.48854994773864746,0.11157345771789551,0.050007800000000005,0.007251840890664085,0.16883309860855958,1
10485760,50,Idle,Medium,LAN,66.27540446844267,41.12622127638501,0.48343944549560547,0.11539626121520996,0.0100039,0.015405677252928615,0.1408058384681386,0
10485760,50,Idle,Medium,WLAN,60.17567522720001,43.18941079756115,0.48327136039733887,0.10990285873413086,0.050007800000000005,0.012494831994587823,0.17240549072871866,0
10485760,50,Idle,Critical,LAN,54.11280950420976,12.719820738290448,0.4917304515838623,0.1120002269744873,0.0100038,0.018563112595908603,0.1405671395703959,1
10485760,50,Idle,Critical,WLAN,69.30805878785145,19.090704364693973,0.4839911460876465,0.11482596397399902,0.050007800000000005,0.015098717206129757,0.17993248118012878,1
10485760,50,Medium,Idle,LAN,43.44405162963126,73.15794986338221,0.48352956771850586,0.11394286155700684,0.0100039,0.010600831494818722,0.13454759305182556,0
10485760,50,Medium,Idle,WLAN,42.04477631951491,62.77600405918578,0.4837985038757324,0.10957551002502441,0.050007800000000005,0.01887836717490761,0.178461677199932,0
10485760,50,Medium,Medium,LAN,46.13063272646965,36.035010336327005,0.48807740211486816,0.11027002334594727,0.0100039,0.013629617783988694,0.13390354112993597,1
10485760,50,Medium,Medium,WLAN,21.74251984191195,23.223781497642875,0.4841024875640869,0.11420178413391113,0.050007800000000005,0.00789781967815599,0.17210740381206713,1
10485760,50,Medium,Critical,LAN,46.981237568293906,5.579746230970748,0.4815247058868408,0.1106271743774414,0.0100038,0.018515610242225516,0.13914658461966692,1
10485760,50,Medium,Critical,WLAN,34.66930203218777,0.2032038257113289,0.48972654342651367,0.11147952079772949,0.050007800000000005,0.009760006864444719,0.1712473276621742,1
10485760,50,Critical,Idle,LAN,12.644965362717285,64.00842970178515,0.48374080657958984,0.11480975151062012,0.0100039,0.012351991522635487,0.1371656430332556,1
10485760,50,Critical,Idle,WLAN,4.190885771264565,70.63589709903987,0.4837679862976074,0.11501383781433105,0.050007800000000005,0.00857588579243539,0.17359752360676645,1
10485760,50,Critical,Medium,LAN,13.738456866551292,39.25739949509037,0.48180603981018066,0.1105196475982666,0.0100038,0.015818014090355475,0.13634146168862207,1
10485760,50,Critical,Medium,WLAN,11.886746611395553,39.08488765992766,0.4865541458129883,0.10989928245544434,0.050007800000000005,0.015146227120964941,0.17505330957640927,1
10485760,50,Critical,Critical,LAN,2.2854540926087163,13.283192986802137,0.4832942485809326,0.11525416374206543,0.0100039,0.009437462652450195,0.13469552639451562,1
10485760,50,Critical,Critical,WLAN,16.03139384603191,11.162470505910507,0.4818994998931885,0.10990738868713379,0.050007800000000005,0.007540785528061604,0.1674559742151954,1
10485760,100,Idle,Idle,LAN,70.73904232140123,68.03941188653417,0.9296910762786865,0.1563403606414795,0.0100038,0.01712635978285176,0.18347052042433126,1
10485760,100,Idle,Idle,WLAN,66.1559270718974,69.66758485131072,0.924994707107544,0.3235187530517578,0.050007600000000006,0.007623723910334128,0.3811500769620919,1
10485760,100,Idle,Medium,LAN,65.92046861898876,21.29909747373548,0.9269657135009766,0.15495800971984863,0.0100039,0.006397458581856959,0.1713593683017056,1
10485760,100,Idle,Medium,WLAN,69.27847985735848,27.419878860942003,0.9261009693145752,0.15592265129089355,0.050007800000000005,0.005303552204569336,0.21123400349546287,1
10485760,100,Idle,Critical,LAN,73.54815638834452,9.14231600145679,0.9252486228942871,0.15758538246154785,0.0100039,0.016654325541737732,0.1842436080032856,1
10485760,100,Idle,Critical,WLAN,68.60531166986938,16.3243287428187,0.9268307685852051,0.1540532112121582,0.050007600000000006,0.0050621227232888425,0.20912293393544706,1
10485760,100,Medium,Idle,LAN,25.13608756549965,63.78193289897075,0.926800012588501,0.15553617477416992,0.0100039,0.01715055171979376,0.1826906264939637,1
10485760,100,Medium,Idle,WLAN,33.38034607664748,69.93471828838554,0.9212379455566406,0.15674972534179688,0.050007800000000005,0.012730814122705183,0.21948833946450205,1
10485760,100,Medium,Medium,LAN,21.841987426395207,47.40598562605166,0.9267170429229736,0.1537919044494629,0.0100038,0.009017897698324584,0.1728136021477875,1
10485760,100,Medium,Medium,WLAN,22.83768506365608,33.35416364063589,0.9260070323944092,0.15471816062927246,0.050007800000000005,0.013489757911786821,0.21821571854105928,1
10485760,100,Medium,Critical,LAN,28.76189347757256,19.70396045347201,0.9214980602264404,0.15598273277282715,0.0100039,0.015888477098015105,0.18187510987084227,1
10485760,100,Medium,Critical,WLAN,44.620090920061905,10.670699712565412,0.9258501529693604,0.1521611213684082,0.050007600000000006,0.012312796179116164,0.21448151754752437,1
10485760,100,Critical,Idle,LAN,7.350244317578465,53.01385072870424,0.9263186454772949,0.1534121036529541,0.0100038,0.013338342948293093,0.1767542466012472,1
10485760,100,Critical,Idle,WLAN,2.89649741232632,77.59556986265358,0.9222664833068848,0.1564037799835205,0.050007600000000006,0.005466397223150861,0.2118777772066714,1
10485760,100,Critical,Medium,LAN,12.261823050209525,37.023070308808265,0.9225947856903076,0.15252971649169922,0.0100039,0.00571863038594512,0.16825224687764434,1
10485760,100,Critical,Medium,WLAN,1.7547909318081345,27.53040437326682,0.9262418746948242,0.3280599117279053,0.050007600000000006,0.017400928349238516,0.39546844007714377,1
10485760,100,Critical,Critical,LAN,13.728264916090945,9.583603737611178,0.9240353107452393,0.1574413776397705,0.0100038,0.01690483142612324,0.18435000906589374,1
10485760,100,Critical,Critical,WLAN,18.019073598789134,12.810170705465074,0.9258487224578857,0.15213513374328613,0.050007800000000005,0.015531108140642999,0.21767404188392914,1
10485760,250,Idle,Idle,LAN,78.66470456135207,53.09884147851117,2.3009750843048096,0.2883884906768799,0.0100038,0.007735528203761109,0.306127818880641,0
10485760,250,Idle,Idle,WLAN,75.7872608244138,73.0763850985673,2.2879445552825928,0.29045748710632324,0.050007800000000005,0.016311837859064097,0.3567771249653873,1
10485760,250,Idle,Medium,LAN,58.33099539080367,27.586517113623422,2.293628215789795,0.28769564628601074,0.0100039,0.010037716126342747,0.3077372624123535,1
10485760,250,Idle,Medium,WLAN,77.26211137631964,40.246406958768496,2.2941579818725586,0.2877798080444336,0.050007600000000006,0.014266639033664801,0.3520540470780984,0
10485760,250,Idle,Critical,LAN,71.01049887302602,8.453756409424198,2.2931811809539795,0.2878849506378174,0.0100038,0.009392494355605458,0.30728124499342285,1
10485760,250,Idle,Critical,WLAN,75.78835410443716,4.228586361257072,2.473045587539673,0.28524351119995117,0.050007800000000005,0.012699899082095158,0.34795121028204634,1
10485760,250,Medium,Idle,LAN,23.947043897172232,75.12736382910379,2.2916407585144043,0.29084086418151855,0.0100039,0.01426421035267407,0.3151089745341926,1
10485760,250,Medium,Idle,WLAN,40.84839924591547,58.92571632296552,2.288240909576416,0.2889690399169922,0.050007600000000006,0.011254989030650909,0.3502316289476431,0
10485760,250,Medium,Medium,LAN,25.066249039275803,21.65586917970388,2.293365240097046,0.28743410110473633,0.0100039,0.018734890800170063,0.3161728919049064,1
10485760,250,Medium,Medium,WLAN,31.65460979460969,21.63969417406566,2.291088581085205,0.28913283348083496,0.050007800000000005,0.018308264879438076,0.35744889836027305,1
10485760,250,Medium,Critical,LAN,45.73936626906632,3.228183437692813,2.2969722747802734,0.2892754077911377,0.0100038,0.0193711273128247,0.3186503351039624,1
10485760,250,Medium,Critical,WLAN,40.866815972892354,13.376744371830661,2.2954299449920654,0.28560471534729004,0.050007800000000005,0.009580414957416423,0.34519293030470644,1
10485760,250,Critical,Idle,LAN,11.873686093510667,63.14129402985742,2.478893518447876,0.28891515731811523,0.0100039,0.009813992471780785,0.308733049789896,1
10485760,250,Critical,Idle,WLAN,12.508500146659799,73.33520625570175,2.287961006164551,0.2914857864379883,0.050007600000000006,0.01699898027834853,0.3584923667163368,1
10485760,250,Critical,Medium,LAN,18.842366255961277,34.50099851747095,2.288646936416626,0.29107236862182617,0.0100039,0.007871483900929777,0.30894775252275597,1
10485760,250,Critical,Medium,WLAN,16.9365563544245,27.677845537329837,2.288966417312622,0.290391206741333,0.0500074,0.015431684576686745,0.35583029131801974,1
10485760,250,Critical,Critical,LAN,16.59923568999227,6.894905728005256,2.2957005500793457,0.2906649112701416,0.0100038,0.01279755225430071,0.3134662635244423,1
10485760,250,Critical,Critical,WLAN,0.8186200280030542,10.46307189240051,2.290935516357422,0.2885017395019531,0.050007600000000006,0.009192910734576025,0.3477022502365291,1
10485760,500,Idle,Idle,LAN,70.41423735845808,74.47821194301157,4.709246635437012,0.7166793346405029,0.0100038,0.011144567418997987,0.7378277020595009,1
10485760,500,Idle,Idle,WLAN,53.76839651665644,59.813894256184795,4.728682994842529,0.5224313735961914,0.050007600000000006,0.009913981393850057,0.5823529549900415,0
10485760,500,Idle,Medium,LAN,59.63868207218207,47.952725382923916,4.730478763580322,0.5204644203186035,0.0100038,0.009232327164492354,0.5397005474830959,0
10485760,500,Idle,Medium,WLAN,78.52042244216453,36.88596094721318,4.731921434402466,0.5182669162750244,0.050007600000000006,0.01479670083515354,0.583071217110178,1
10485760,500,Idle,Critical,LAN,77.08859451794636,10.676990839063587,4.940945625305176,0.5239341259002686,0.0100038,0.011299735751956091,0.5452376616522246,1
10485760,500,Idle,Critical,WLAN,66.09168608019527,12.154076593835496,4.715678691864014,0.5220518112182617,0.050007600000000006,0.015214327989133716,0.5872737392073955,1
10485760,500,Medium,Idle,LAN,37.76081277071286,60.354069595713874,4.7259674072265625,0.5191793441772461,0.0100038,0.0060467683404171295,0.5352299125176633,1
10485760,500,Medium,Idle,WLAN,38.8890259677292,62.15876932551223,4.725585222244263,0.7418289184570312,0.050007600000000006,0.014790555842712421,0.8066270742997437,1
10485760,500,Medium,Medium,LAN,24.90472165180985,37.09134094783997,4.712090253829956,0.5279395580291748,0.0100038,0.017813992748501012,0.5557573507776759,1
10485760,500,Medium,Medium,WLAN,45.5474910287413,39.020139153272694,4.719876527786255,0.5273652076721191,0.050007600000000006,0.008734827350754794,0.586107635022874,1
10485760,500,Medium,Critical,LAN,39.364800190754366,13.826640254432121,4.721297264099121,0.5180277824401855,0.0100038,0.008409969398832859,0.5364415518390184,1
10485760,500,Medium,Critical,WLAN,31.38533729935022,6.374312086630556,4.945964813232422,0.523592472076416,0.0500074,0.016144729897620697,0.5897446019740368,1
10485760,500,Critical,Idle,LAN,12.907432272951118,71.03578111493117,4.720198392868042,0.521115779876709,0.0100037,0.005758242118273057,0.536877721994982,1
10485760,500,Critical,Idle,WLAN,15.411043835120694,68.08449290988256,4.724879741668701,0.5232133865356445,0.050007600000000006,0.018512872407985825,0.5917338589436304,1
10485760,500,Critical,Medium,LAN,5.797374665539707,48.56760356160889,4.729236841201782,0.7308940887451172,0.0100038,0.009316575875767667,0.7502144646208848,1
10485760,500,Critical,Medium,WLAN,3.6765833910039447,34.93305267835784,4.714648246765137,0.5263409614562988,0.050007600000000006,0.017009467373871105,0.59335802883017,1
10485760,500,Critical,Critical,LAN,12.066696942024695,10.808542580041166,4.722187042236328,0.5263814926147461,0.0100038,0.010497898642484363,0.5468831912572305,1
10485760,500,Critical,Critical,WLAN,14.214576292774176,7.71075872247965,4.719810247421265,0.5222725868225098,0.050007600000000006,0.006665825316190118,0.5789460121386999,1
